team_name,Player_name,NATIONALITY,Mat,Inns,NO,Runs,HS,Ave,BF,SR,100,50,0,4s,6s,Season,NO in HS,dream_11_points,ball_for_4,ball_for_6,consistency
SRH,DAWarner,INT,28.0,28.0,,1240.0,,,888.0,278.5,1.0,12.0,0.0,109.0,35.0,New_season,1.0,1535.0,8.146788990825687,25.37142857142857,54.82142857142857
SRH,DAWarner,INT,114.0,114.0,15.0,4014.0,821.0,354.57000000000005,2824.0,1270.1100000000001,3.0,36.0,7.0,401.0,160.0,older_season,3.0,5075.0,7.042394014962594,17.65,44.51754385964912
SRH,KSWilliamson,INT,38.0,37.0,,1208.0,,,883.0,396.19,0.0,12.0,1.0,101.0,43.0,New_season,1.0,1493.0,8.742574257425742,20.53488372093023,40.351351351351354
SRH,KSWilliamson,INT,15.0,15.0,2.0,411.0,165.0,94.32,318.0,367.90999999999997,0.0,3.0,0.0,35.0,11.0,older_season,1.0,496.0,9.085714285714285,28.90909090909091,33.06666666666667
SRH,MKPandey,IND,43.0,39.0,,1053.0,,,842.0,373.85,0.0,9.0,1.0,91.0,29.0,New_season,2.0,1274.0,9.252747252747254,29.03448275862069,32.666666666666664
SRH,VShankar,IND,4.0,4.0,2.0,101.0,63.0,50.5,75.0,134.66,0.0,1.0,0.0,12.0,1.0,older_season,1.0,125.0,6.25,75.0,31.25
SRH,MKPandey,IND,103.0,96.0,18.0,2215.0,631.0,308.45,1844.0,1125.4799999999998,1.0,9.0,11.0,197.0,64.0,older_season,4.0,2604.0,9.360406091370558,28.8125,27.125
SRH,WPSaha,IND,20.0,19.0,,422.0,,,308.0,421.72,0.0,2.0,1.0,54.0,7.0,New_season,0.0,510.0,5.703703703703703,44.0,26.842105263157894
SRH,WPSaha,IND,104.0,80.0,19.0,1557.0,503.0,275.45,1191.0,1235.6499999999999,1.0,6.0,2.0,130.0,57.0,older_season,5.0,1865.0,9.161538461538461,20.894736842105264,23.3125
SRH,VShankar,IND,35.0,30.0,,553.0,,,437.0,370.70000000000005,0.0,2.0,1.0,32.0,24.0,New_season,2.0,649.0,13.65625,18.208333333333332,21.633333333333333
SRH,MRMarsh,INT,20.0,14.0,2.0,225.0,97.0,66.0,196.0,391.07,0.0,0.0,0.0,9.0,14.0,older_season,0.0,262.0,21.77777777777778,14.0,18.714285714285715
SRH,KMJadhav,IND,64.0,57.0,19.0,893.0,287.0,128.71,662.0,893.86,0.0,3.0,5.0,72.0,33.0,older_season,3.0,1055.0,9.194444444444445,20.060606060606062,18.50877192982456
SRH,MohammadNabi,INT,11.0,10.0,,144.0,,,96.0,438.81,0.0,0.0,0.0,13.0,7.0,New_season,0.0,179.0,7.384615384615385,13.714285714285714,17.9
SRH,SPGoswami,IND,23.0,16.0,1.0,241.0,149.0,82.88,251.0,467.78000000000003,0.0,1.0,2.0,26.0,2.0,older_season,0.0,275.0,9.653846153846153,125.5,17.1875
SRH,AbdulSamad,IND,12.0,8.0,,111.0,,,65.0,170.76,0.0,0.0,0.0,8.0,6.0,New_season,0.0,137.0,8.125,10.833333333333334,17.125
SRH,KMJadhav,IND,23.0,18.0,,248.0,,,257.0,298.87,0.0,1.0,1.0,27.0,5.0,New_season,1.0,291.0,9.518518518518519,51.4,16.166666666666668
SRH,AbhishekSharma,IND,14.0,13.0,,143.0,,,98.0,417.67999999999995,0.0,0.0,0.0,10.0,8.0,New_season,2.0,175.0,9.8,12.25,13.461538461538462
SRH,SPGoswami,IND,8.0,5.0,,52.0,,,44.0,130.0,0.0,0.0,2.0,6.0,1.0,New_season,0.0,50.0,7.333333333333333,44.0,10.0
SRH,RashidKhan,INT,48.0,22.0,,128.0,,,84.0,454.79999999999995,0.0,0.0,6.0,8.0,10.0,New_season,2.0,152.0,10.5,8.4,6.909090909090909
SRH,BasilThampi,IND,12.0,5.0,5.0,28.0,13.0,0.0,28.0,100.0,0.0,0.0,0.0,1.0,1.0,older_season,1.0,31.0,28.0,28.0,6.2
SRH,BKumar,IND,90.0,34.0,15.0,158.0,73.0,49.91,157.0,727.48,0.0,0.0,3.0,15.0,3.0,older_season,5.0,177.0,10.466666666666667,52.333333333333336,5.205882352941177
SRH,SNadeem,IND,13.0,3.0,,13.0,,,16.0,162.5,0.0,0.0,0.0,1.0,0.0,New_season,1.0,14.0,16.0,0.0,4.666666666666667
SRH,RashidKhan,INT,14.0,3.0,1.0,11.0,6.0,5.5,9.0,122.22,0.0,0.0,0.0,0.0,1.0,older_season,1.0,13.0,0.0,9.0,4.333333333333333
SRH,VRVSingh,IND,13.0,2.0,0.0,4.0,4.0,2.0,3.0,133.33,0.0,0.0,1.0,1.0,0.0,older_season,0.0,5.0,3.0,0.0,2.5
SRH,BKumar,IND,31.0,10.0,,25.0,,,37.0,144.4,0.0,0.0,2.0,2.0,0.0,New_season,1.0,15.0,18.5,0.0,1.5
SRH,SandeepSharma,IND,36.0,10.0,,18.0,,,22.0,280.0,0.0,0.0,3.0,2.0,0.0,New_season,2.0,14.0,11.0,0.0,1.4
SRH,SandeepSharma,IND,56.0,13.0,12.0,26.0,19.0,9.0,35.0,309.82,0.0,0.0,0.0,1.0,0.0,older_season,4.0,13.0,35.0,0.0,1.0
SRH,TNatarajan,IND,16.0,3.0,,3.0,,,5.0,60.0,0.0,0.0,0.0,0.0,0.0,New_season,0.0,3.0,0.0,0.0,1.0
SRH,SKaul,IND,21.0,4.0,4.0,9.0,9.0,0.0,13.0,177.76999999999998,0.0,0.0,0.0,0.0,0.0,older_season,3.0,3.0,0.0,0.0,0.75
SRH,MohammadNabi,INT,3.0,1.0,0.0,2.0,2.0,2.0,3.0,66.66,0.0,0.0,0.0,0.0,0.0,older_season,0.0,0.0,0.0,0.0,0.0
SRH,MujeebUrRahman,INT,18.0,6.0,,11.0,,,14.0,176.18,0.0,0.0,2.0,2.0,0.0,New_season,2.0,-1.0,7.0,0.0,-0.16666666666666666
SRH,BasilThampi,IND,8.0,3.0,,4.0,,,7.0,150.0,0.0,0.0,0.0,0.0,0.0,New_season,1.0,-2.0,0.0,0.0,-0.6666666666666666
SRH,SNadeem,IND,55.0,18.0,6.0,26.0,14.0,8.96,70.0,159.48,0.0,0.0,5.0,1.0,0.0,older_season,4.0,-23.0,70.0,0.0,-1.2777777777777777
SRH,SKaul,IND,25.0,6.0,,3.0,,,15.0,21.42,0.0,0.0,2.0,0.0,0.0,New_season,1.0,-19.0,0.0,0.0,-3.1666666666666665
SRH,MRMarsh,INT,1.0,1.0,,0.0,,,1.0,0.0,0.0,0.0,1.0,0.0,0.0,New_season,0.0,-8.0,0.0,0.0,-8.0
SRH,VRVSingh,IND,0.0,0.0,,0.0,,,0.0,0.0,0.0,0.0,0.0,0.0,0.0,New_season,0.0,-6.0,0.0,0.0,-inf
SRH,JagadeeshaSuchith,IND,0.0,0.0,,0.0,,,0.0,0.0,0.0,0.0,0.0,0.0,0.0,New_season,0.0,-6.0,0.0,0.0,-inf
SRH,PriyamGarg,IND,0.0,0.0,,0.0,,,0.0,0.0,0.0,0.0,0.0,0.0,0.0,New_season,0.0,-6.0,0.0,0.0,-inf
SRH,JasonHolder,INT,0.0,0.0,,0.0,,,0.0,0.0,0.0,0.0,0.0,0.0,0.0,New_season,0.0,-6.0,0.0,0.0,-inf
SRH,KhaleelAhmed,IND,0.0,0.0,,0.0,,,0.0,0.0,0.0,0.0,0.0,0.0,0.0,New_season,0.0,-6.0,0.0,0.0,-inf
SRH,JonnyBairstow,INT,0.0,0.0,,0.0,,,0.0,0.0,0.0,0.0,0.0,0.0,0.0,New_season,0.0,-6.0,0.0,0.0,-inf
SRH,AbdulSamad,IND,0.0,0.0,0.0,0.0,0.0,0.0,0.0,0.0,0.0,0.0,0.0,0.0,0.0,older_season,0.0,0.0,0.0,0.0,
SRH,JagadeeshaSuchith,IND,0.0,0.0,0.0,0.0,0.0,0.0,0.0,0.0,0.0,0.0,0.0,0.0,0.0,older_season,0.0,0.0,0.0,0.0,
SRH,JasonHolder,INT,0.0,0.0,0.0,0.0,0.0,0.0,0.0,0.0,0.0,0.0,0.0,0.0,0.0,older_season,0.0,0.0,0.0,0.0,
SRH,JonnyBairstow,INT,0.0,0.0,0.0,0.0,0.0,0.0,0.0,0.0,0.0,0.0,0.0,0.0,0.0,older_season,0.0,0.0,0.0,0.0,
SRH,KhaleelAhmed,IND,0.0,0.0,0.0,0.0,0.0,0.0,0.0,0.0,0.0,0.0,0.0,0.0,0.0,older_season,0.0,0.0,0.0,0.0,
SRH,PriyamGarg,IND,0.0,0.0,0.0,0.0,0.0,0.0,0.0,0.0,0.0,0.0,0.0,0.0,0.0,older_season,0.0,0.0,0.0,0.0,
SRH,TNatarajan,IND,0.0,0.0,0.0,0.0,0.0,0.0,0.0,0.0,0.0,0.0,0.0,0.0,0.0,older_season,0.0,0.0,0.0,0.0,
RR,JCButtler,INT,34.0,33.0,,1187.0,,,785.0,451.43,0.0,10.0,0.0,117.0,51.0,New_season,1.0,1496.0,6.7094017094017095,15.392156862745098,45.333333333333336
RR,BAStokes,INT,12.0,11.0,1.0,316.0,103.0,31.6,221.0,142.98,1.0,1.0,0.0,22.0,15.0,older_season,1.0,394.0,10.045454545454545,14.733333333333333,35.81818181818182
RR,SVSamson,IND,41.0,41.0,,1158.0,,,786.0,445.39,1.0,6.0,4.0,79.0,58.0,New_season,2.0,1417.0,9.949367088607595,13.551724137931034,34.5609756097561
RR,DAMiller,INT,66.0,64.0,20.0,1563.0,351.0,213.17999999999998,1105.0,805.24,1.0,8.0,1.0,104.0,78.0,older_season,4.0,1911.0,10.625,14.166666666666666,29.859375
RR,MVohra,IND,45.0,41.0,2.0,957.0,295.0,120.77000000000001,721.0,644.8000000000001,0.0,3.0,2.0,95.0,35.0,older_season,1.0,1148.0,7.589473684210526,20.6,28.0
RR,SVSamson,IND,66.0,62.0,6.0,1426.0,375.0,126.24000000000001,1146.0,618.79,1.0,7.0,4.0,112.0,57.0,older_season,0.0,1718.0,10.232142857142858,20.105263157894736,27.70967741935484
RR,JCButtler,INT,24.0,24.0,3.0,527.0,118.0,50.379999999999995,361.0,292.25,0.0,1.0,1.0,50.0,26.0,older_season,0.0,641.0,7.22,13.884615384615385,26.708333333333332
RR,BAStokes,INT,30.0,30.0,,604.0,,,460.0,388.47,1.0,1.0,2.0,57.0,17.0,New_season,0.0,717.0,8.070175438596491,27.058823529411764,23.9
RR,DAMiller,INT,14.0,14.0,,287.0,,,228.0,245.49,0.0,1.0,1.0,22.0,9.0,New_season,1.0,327.0,10.363636363636363,25.333333333333332,23.357142857142858
RR,AJTye,INT,6.0,3.0,1.0,53.0,25.0,26.5,30.0,176.66,0.0,0.0,0.0,4.0,3.0,older_season,0.0,69.0,7.5,10.0,23.0
RR,RParag,IND,19.0,13.0,,246.0,,,203.0,238.66000000000003,0.0,1.0,2.0,23.0,8.0,New_season,0.0,289.0,8.826086956521738,25.375,22.23076923076923
RR,LSLivingstone,INT,4.0,4.0,,70.0,,,48.0,145.83,0.0,0.0,0.0,6.0,5.0,New_season,0.0,82.0,8.0,9.6,20.5
RR,RTewatia,IND,27.0,20.0,,331.0,,,248.0,373.78999999999996,0.0,1.0,0.0,20.0,19.0,New_season,1.0,399.0,12.4,13.052631578947368,19.95
RR,CHMorris,INT,48.0,29.0,17.0,439.0,175.0,140.8,265.0,595.42,0.0,2.0,3.0,33.0,23.0,older_season,4.0,542.0,8.030303030303031,11.521739130434783,18.689655172413794
RR,MKLomror,IND,7.0,6.0,,87.0,,,78.0,471.14000000000004,0.0,0.0,0.0,5.0,3.0,New_season,0.0,104.0,15.6,26.0,17.333333333333332
RR,RTewatia,IND,6.0,3.0,1.0,35.0,31.0,35.0,24.0,295.78999999999996,0.0,0.0,0.0,4.0,1.0,older_season,1.0,47.0,6.0,24.0,15.666666666666666
RR,SDube,IND,15.0,13.0,,169.0,,,138.0,244.06,0.0,0.0,0.0,6.0,12.0,New_season,0.0,199.0,23.0,11.5,15.307692307692308
RR,YBKJaiswal,IND,3.0,3.0,,40.0,,,44.0,90.9,0.0,0.0,1.0,2.0,2.0,New_season,0.0,44.0,22.0,22.0,14.666666666666666
RR,MVohra,IND,4.0,4.0,,55.0,,,47.0,117.02,0.0,0.0,1.0,2.0,4.0,New_season,0.0,57.0,23.5,11.75,14.25
RR,KCCariappa,IND,1.0,1.0,,9.0,,,3.0,300.0,0.0,0.0,0.0,0.0,1.0,New_season,1.0,11.0,0.0,3.0,11.0
RR,JCArcher,INT,35.0,23.0,,195.0,,,124.0,418.28000000000003,0.0,0.0,3.0,11.0,14.0,New_season,1.0,238.0,11.272727272727273,8.857142857142858,10.347826086956522
RR,SGopal,IND,39.0,16.0,,150.0,,,130.0,342.93,0.0,0.0,3.0,16.0,1.0,New_season,1.0,164.0,8.125,130.0,10.25
RR,CHMorris,INT,22.0,15.0,,112.0,,,84.0,425.29999999999995,0.0,0.0,4.0,6.0,7.0,New_season,1.0,134.0,14.0,12.0,8.933333333333334
RR,JDUnadkat,IND,33.0,12.0,,59.0,,,54.0,231.5,0.0,0.0,1.0,6.0,1.0,New_season,0.0,57.0,9.0,54.0,4.75
RR,AJTye,INT,21.0,10.0,,38.0,,,46.0,184.20999999999998,0.0,0.0,2.0,2.0,2.0,New_season,1.0,34.0,23.0,23.0,3.4
RR,SGopal,IND,6.0,3.0,1.0,14.0,14.0,13.0,27.0,222.5,0.0,0.0,0.0,1.0,0.0,older_season,1.0,9.0,27.0,0.0,3.0
RR,MMarkande,IND,17.0,8.0,,27.0,,,29.0,207.5,0.0,0.0,0.0,3.0,0.0,New_season,1.0,24.0,9.666666666666666,0.0,3.0
RR,KCCariappa,IND,9.0,4.0,1.0,15.0,13.0,14.0,18.0,146.75,0.0,0.0,0.0,0.0,1.0,older_season,1.0,11.0,0.0,18.0,2.75
RR,KartikTyagi,IND,10.0,3.0,,4.0,,,6.0,66.66,0.0,0.0,0.0,0.0,0.0,New_season,0.0,2.0,0.0,0.0,0.6666666666666666
RR,JDUnadkat,IND,34.0,6.0,5.0,5.0,4.0,1.0,13.0,156.66,0.0,0.0,1.0,0.0,0.0,older_season,3.0,-9.0,0.0,0.0,-1.5
RR,ASingh,IND,23.0,5.0,1.0,2.0,2.0,1.5,10.0,58.33,0.0,0.0,3.0,0.0,0.0,older_season,1.0,-22.0,0.0,0.0,-4.4
RR,MustafizurRahman,INT,7.0,2.0,,1.0,,,3.0,33.33,0.0,0.0,0.0,0.0,0.0,New_season,0.0,-11.0,0.0,0.0,-5.5
RR,ChetanSakariya,IND,0.0,0.0,,0.0,,,0.0,0.0,0.0,0.0,0.0,0.0,0.0,New_season,0.0,-6.0,0.0,0.0,-inf
RR,AnujRawat,IND,0.0,0.0,,0.0,,,0.0,0.0,0.0,0.0,0.0,0.0,0.0,New_season,0.0,-6.0,0.0,0.0,-inf
RR,ASingh,IND,0.0,0.0,,0.0,,,0.0,0.0,0.0,0.0,0.0,0.0,0.0,New_season,0.0,-6.0,0.0,0.0,-inf
RR,KuldipYadav,IND,0.0,0.0,,0.0,,,0.0,0.0,0.0,0.0,0.0,0.0,0.0,New_season,0.0,-6.0,0.0,0.0,-inf
RR,AnujRawat,IND,0.0,0.0,0.0,0.0,0.0,0.0,0.0,0.0,0.0,0.0,0.0,0.0,0.0,older_season,0.0,0.0,0.0,0.0,
RR,ChetanSakariya,IND,0.0,0.0,0.0,0.0,0.0,0.0,0.0,0.0,0.0,0.0,0.0,0.0,0.0,older_season,0.0,0.0,0.0,0.0,
RR,KartikTyagi,IND,0.0,0.0,0.0,0.0,0.0,0.0,0.0,0.0,0.0,0.0,0.0,0.0,0.0,older_season,0.0,0.0,0.0,0.0,
RR,KuldipYadav,IND,0.0,0.0,0.0,0.0,0.0,0.0,0.0,0.0,0.0,0.0,0.0,0.0,0.0,older_season,0.0,0.0,0.0,0.0,
RR,YBKJaiswal,IND,0.0,0.0,0.0,0.0,0.0,0.0,0.0,0.0,0.0,0.0,0.0,0.0,0.0,older_season,0.0,0.0,0.0,0.0,
RCB,ABdeVilliers,INT,40.0,38.0,,1376.0,,,848.0,487.28,0.0,16.0,1.0,103.0,79.0,New_season,2.0,1777.0,8.233009708737864,10.734177215189874,46.76315789473684
RCB,VKohli,IND,43.0,43.0,,1460.0,,,1093.0,401.90999999999997,1.0,9.0,0.0,121.0,42.0,New_season,1.0,1757.0,9.03305785123967,26.023809523809526,40.86046511627907
RCB,VKohli,IND,149.0,141.0,23.0,4418.0,721.0,370.34,3403.0,1260.8499999999997,4.0,30.0,6.0,382.0,159.0,older_season,2.0,5420.0,8.908376963350785,21.40251572327044,38.43971631205674
RCB,ABdeVilliers,INT,129.0,118.0,27.0,3473.0,809.0,359.40999999999997,2344.0,1410.07,3.0,22.0,8.0,287.0,156.0,older_season,7.0,4306.0,8.167247386759582,15.025641025641026,36.49152542372882
RCB,GJMaxwell,INT,57.0,56.0,7.0,1228.0,279.0,122.56,747.0,822.61,0.0,6.0,9.0,95.0,82.0,older_season,1.0,1529.0,7.863157894736842,9.109756097560975,27.303571428571427
RCB,HVPatel,IND,12.0,6.0,,81.0,,,59.0,269.31,0.0,0.0,1.0,3.0,6.0,New_season,2.0,94.0,19.666666666666668,9.833333333333334,15.666666666666666
RCB,SachinBaby,IND,18.0,10.0,2.0,137.0,48.0,37.75,101.0,293.48,0.0,0.0,1.0,11.0,5.0,older_season,0.0,154.0,9.181818181818182,20.2,15.4
RCB,DTChristian,INT,36.0,31.0,8.0,420.0,90.0,65.07,341.0,443.59000000000003,0.0,0.0,1.0,22.0,18.0,older_season,1.0,474.0,15.5,18.944444444444443,15.290322580645162
RCB,GJMaxwell,INT,25.0,23.0,,277.0,,,226.0,242.71,0.0,0.0,1.0,23.0,9.0,New_season,0.0,318.0,9.826086956521738,25.11111111111111,13.826086956521738
RCB,WashingtonSundar,IND,25.0,17.0,,177.0,,,136.0,321.22,0.0,0.0,1.0,15.0,6.0,New_season,0.0,202.0,9.066666666666666,22.666666666666668,11.882352941176471
RCB,KWRichardson,INT,14.0,4.0,1.0,36.0,28.0,18.0,39.0,244.44,0.0,0.0,0.0,2.0,1.0,older_season,1.0,40.0,19.5,39.0,10.0
RCB,DTChristian,INT,4.0,3.0,,26.0,,,33.0,78.78,0.0,0.0,0.0,0.0,1.0,New_season,0.0,22.0,0.0,33.0,7.333333333333333
RCB,NASaini,IND,26.0,5.0,,29.0,,,31.0,150.0,0.0,0.0,0.0,3.0,0.0,New_season,0.0,32.0,10.333333333333334,0.0,6.4
RCB,MohammedSiraj,IND,29.0,11.0,,46.0,,,50.0,263.62,0.0,0.0,0.0,4.0,1.0,New_season,1.0,46.0,12.5,50.0,4.181818181818182
RCB,HVPatel,IND,35.0,14.0,5.0,47.0,25.0,17.8,34.0,444.0400000000001,0.0,0.0,3.0,2.0,3.0,older_season,2.0,53.0,17.0,11.333333333333334,3.7857142857142856
RCB,WashingtonSundar,IND,11.0,5.0,4.0,9.0,5.0,9.0,12.0,75.0,0.0,0.0,1.0,0.0,0.0,older_season,1.0,7.0,0.0,0.0,1.4
RCB,YSChahal,IND,42.0,10.0,7.0,15.0,6.0,4.33,28.0,250.0,0.0,0.0,1.0,0.0,0.0,older_season,3.0,13.0,0.0,0.0,1.3
RCB,ShahbazAhmed,IND,2.0,1.0,,1.0,,,1.0,100.0,0.0,0.0,0.0,0.0,0.0,New_season,0.0,1.0,0.0,0.0,1.0
RCB,AZampa,INT,11.0,2.0,0.0,5.0,5.0,5.0,8.0,71.42,0.0,0.0,1.0,1.0,0.0,older_season,0.0,-2.0,8.0,0.0,-1.0
RCB,YSChahal,IND,43.0,6.0,,7.0,,,23.0,70.83,0.0,0.0,0.0,0.0,0.0,New_season,1.0,-11.0,0.0,0.0,-1.8333333333333333
RCB,SuyashPrabhudessai,IND,0.0,0.0,,0.0,,,0.0,0.0,0.0,0.0,0.0,0.0,0.0,New_season,0.0,-6.0,0.0,0.0,-inf
RCB,SachinBaby,IND,0.0,0.0,,0.0,,,0.0,0.0,0.0,0.0,0.0,0.0,0.0,New_season,0.0,-6.0,0.0,0.0,-inf
RCB,RajatPatidar,IND,0.0,0.0,,0.0,,,0.0,0.0,0.0,0.0,0.0,0.0,0.0,New_season,0.0,-6.0,0.0,0.0,-inf
RCB,FinnAllen,INT,0.0,0.0,,0.0,,,0.0,0.0,0.0,0.0,0.0,0.0,0.0,New_season,0.0,-6.0,0.0,0.0,-inf
RCB,DevduttPadikkal,IND,0.0,0.0,,0.0,,,0.0,0.0,0.0,0.0,0.0,0.0,0.0,New_season,0.0,-6.0,0.0,0.0,-inf
RCB,DanielSams,IND,0.0,0.0,,0.0,,,0.0,0.0,0.0,0.0,0.0,0.0,0.0,New_season,0.0,-6.0,0.0,0.0,-inf
RCB,AZampa,INT,3.0,0.0,,0.0,,,0.0,0.0,0.0,0.0,0.0,0.0,0.0,New_season,0.0,-6.0,0.0,0.0,-inf
RCB,PavanDeshpande,IND,0.0,0.0,,0.0,,,0.0,0.0,0.0,0.0,0.0,0.0,0.0,New_season,0.0,-6.0,0.0,0.0,-inf
RCB,MohammedAzharuddeen,IND,0.0,0.0,,0.0,,,0.0,0.0,0.0,0.0,0.0,0.0,0.0,New_season,0.0,-6.0,0.0,0.0,-inf
RCB,KyleJamieson,INT,0.0,0.0,,0.0,,,0.0,0.0,0.0,0.0,0.0,0.0,0.0,New_season,0.0,-6.0,0.0,0.0,-inf
RCB,KWRichardson,INT,0.0,0.0,,0.0,,,0.0,0.0,0.0,0.0,0.0,0.0,0.0,New_season,0.0,-6.0,0.0,0.0,-inf
RCB,K.SBharat,IND,0.0,0.0,,0.0,,,0.0,0.0,0.0,0.0,0.0,0.0,0.0,New_season,0.0,-6.0,0.0,0.0,-inf
RCB,DanielSams,IND,0.0,0.0,0.0,0.0,0.0,0.0,0.0,0.0,0.0,0.0,0.0,0.0,0.0,older_season,0.0,0.0,0.0,0.0,
RCB,DevduttPadikkal,IND,0.0,0.0,0.0,0.0,0.0,0.0,0.0,0.0,0.0,0.0,0.0,0.0,0.0,older_season,0.0,0.0,0.0,0.0,
RCB,FinnAllen,INT,0.0,0.0,0.0,0.0,0.0,0.0,0.0,0.0,0.0,0.0,0.0,0.0,0.0,older_season,0.0,0.0,0.0,0.0,
RCB,K.SBharat,IND,0.0,0.0,0.0,0.0,0.0,0.0,0.0,0.0,0.0,0.0,0.0,0.0,0.0,older_season,0.0,0.0,0.0,0.0,
RCB,KyleJamieson,INT,0.0,0.0,0.0,0.0,0.0,0.0,0.0,0.0,0.0,0.0,0.0,0.0,0.0,older_season,0.0,0.0,0.0,0.0,
RCB,MohammedAzharuddeen,IND,0.0,0.0,0.0,0.0,0.0,0.0,0.0,0.0,0.0,0.0,0.0,0.0,0.0,older_season,0.0,0.0,0.0,0.0,
RCB,PavanDeshpande,IND,0.0,0.0,0.0,0.0,0.0,0.0,0.0,0.0,0.0,0.0,0.0,0.0,0.0,older_season,0.0,0.0,0.0,0.0,
RCB,RajatPatidar,IND,0.0,0.0,0.0,0.0,0.0,0.0,0.0,0.0,0.0,0.0,0.0,0.0,0.0,older_season,0.0,0.0,0.0,0.0,
RCB,ShahbazAhmed,IND,0.0,0.0,0.0,0.0,0.0,0.0,0.0,0.0,0.0,0.0,0.0,0.0,0.0,older_season,0.0,0.0,0.0,0.0,
RCB,SuyashPrabhudessai,IND,0.0,0.0,0.0,0.0,0.0,0.0,0.0,0.0,0.0,0.0,0.0,0.0,0.0,older_season,0.0,0.0,0.0,0.0,
MI,CALynn,INT,12.0,12.0,2.0,384.0,159.0,109.16,243.0,479.63,0.0,3.0,0.0,31.0,23.0,older_season,1.0,489.0,7.838709677419355,10.565217391304348,40.75
MI,SAYadav,IND,46.0,44.0,,1416.0,,,1039.0,409.20000000000005,0.0,10.0,3.0,167.0,37.0,New_season,1.0,1737.0,6.221556886227545,28.08108108108108,39.47727272727273
MI,CALynn,INT,29.0,29.0,,896.0,,,667.0,269.88,0.0,7.0,3.0,97.0,40.0,New_season,0.0,1121.0,6.876288659793815,16.675,38.6551724137931
MI,QdeKock,INT,40.0,40.0,,1233.0,,,918.0,397.48,0.0,9.0,2.0,111.0,55.0,New_season,0.0,1526.0,8.27027027027027,16.69090909090909,38.15
MI,IshanKishan,IND,35.0,31.0,,892.0,,,638.0,396.21,0.0,6.0,4.0,66.0,51.0,New_season,0.0,1104.0,9.666666666666666,12.509803921568627,35.61290322580645
MI,QdeKock,INT,26.0,26.0,1.0,726.0,229.0,101.59,549.0,452.21,1.0,5.0,1.0,90.0,21.0,older_season,0.0,912.0,6.1,26.142857142857142,35.07692307692308
MI,RGSharma,IND,159.0,154.0,25.0,4207.0,785.0,329.21000000000004,3214.0,1308.7800000000002,1.0,32.0,9.0,354.0,172.0,older_season,6.0,5169.0,9.07909604519774,18.686046511627907,33.564935064935064
MI,RGSharma,IND,41.0,41.0,,1023.0,,,790.0,389.28000000000003,0.0,7.0,4.0,104.0,41.0,New_season,0.0,1259.0,7.596153846153846,19.26829268292683,30.70731707317073
MI,KHPandya,IND,25.0,20.0,7.0,480.0,133.0,74.21000000000001,303.0,326.87,0.0,1.0,0.0,46.0,20.0,older_season,0.0,582.0,6.586956521739131,15.15,29.1
MI,HHPandya,IND,43.0,41.0,,943.0,,,562.0,503.73,0.0,3.0,2.0,62.0,65.0,New_season,0.0,1169.0,9.064516129032258,8.646153846153846,28.51219512195122
MI,IshanKishan,IND,16.0,15.0,0.0,319.0,88.0,36.1,247.0,236.89000000000001,0.0,1.0,1.0,34.0,13.0,older_season,0.0,387.0,7.264705882352941,19.0,25.8
MI,KAPollard,INT,123.0,113.0,32.0,2343.0,472.0,231.48000000000002,1599.0,1164.69,0.0,12.0,2.0,157.0,147.0,older_season,3.0,2906.0,10.184713375796179,10.877551020408163,25.716814159292035
MI,KAPollard,INT,41.0,34.0,,680.0,,,418.0,481.15999999999997,0.0,3.0,2.0,39.0,51.0,New_season,0.0,853.0,10.717948717948717,8.196078431372548,25.08823529411765
MI,SSTiwary,IND,7.0,5.0,,103.0,,,80.0,128.75,0.0,0.0,0.0,8.0,3.0,New_season,0.0,117.0,10.0,26.666666666666668,23.4
MI,SSTiwary,IND,81.0,65.0,20.0,1276.0,351.0,206.69,1067.0,1069.79,0.0,7.0,1.0,93.0,45.0,older_season,4.0,1517.0,11.473118279569892,23.711111111111112,23.338461538461537
MI,SAYadav,IND,55.0,42.0,14.0,608.0,171.0,93.74,465.0,525.6800000000001,0.0,1.0,2.0,54.0,21.0,older_season,1.0,706.0,8.61111111111111,22.142857142857142,16.80952380952381
MI,NMCoulter-Nile,INT,7.0,2.0,,25.0,,,15.0,166.66,0.0,0.0,0.0,4.0,0.0,New_season,0.0,33.0,3.75,0.0,16.5
MI,JDSNeesham,INT,4.0,3.0,0.0,42.0,22.0,14.0,46.0,91.3,0.0,0.0,0.0,3.0,1.0,older_season,0.0,47.0,15.333333333333334,46.0,15.666666666666666
MI,KHPandya,IND,46.0,40.0,,520.0,,,399.0,385.69000000000005,0.0,0.0,2.0,49.0,20.0,New_season,1.0,607.0,8.142857142857142,19.95,15.175
MI,HHPandya,IND,37.0,33.0,14.0,406.0,105.0,64.39,285.0,406.73,0.0,1.0,2.0,24.0,28.0,older_season,2.0,498.0,11.875,10.178571428571429,15.090909090909092
MI,APTare,IND,35.0,28.0,4.0,339.0,139.0,69.85,273.0,627.81,0.0,1.0,5.0,40.0,11.0,older_season,0.0,399.0,6.825,24.818181818181817,14.25
MI,PPChawla,IND,129.0,69.0,27.0,515.0,165.0,115.84,453.0,1077.1899999999998,0.0,0.0,11.0,49.0,15.0,older_season,4.0,574.0,9.244897959183673,30.2,8.318840579710145
MI,JDSNeesham,INT,5.0,3.0,,19.0,,,18.0,105.55,0.0,0.0,0.0,0.0,1.0,New_season,0.0,21.0,0.0,18.0,7.0
MI,PPChawla,IND,35.0,12.0,,69.0,,,71.0,192.92000000000002,0.0,0.0,1.0,5.0,3.0,New_season,1.0,72.0,14.2,23.666666666666668,6.0
MI,DSKulkarni,IND,65.0,18.0,10.0,90.0,63.0,23.0,96.0,710.5500000000001,0.0,0.0,0.0,6.0,2.0,older_season,4.0,96.0,16.0,48.0,5.333333333333333
MI,DSKulkarni,IND,19.0,4.0,,14.0,,,12.0,402.37,0.0,0.0,0.0,1.0,0.0,New_season,2.0,21.0,12.0,0.0,5.25
MI,RDChahar,IND,3.0,1.0,1.0,3.0,3.0,0.0,2.0,150.0,0.0,0.0,0.0,0.0,0.0,older_season,1.0,5.0,0.0,0.0,5.0
MI,NMCoulter-Nile,INT,26.0,12.0,4.0,52.0,28.0,18.66,50.0,442.04999999999995,0.0,0.0,0.0,3.0,4.0,older_season,2.0,57.0,16.666666666666668,12.5,4.75
MI,JYadav,IND,5.0,2.0,0.0,6.0,5.0,3.0,10.0,60.0,0.0,0.0,0.0,0.0,0.0,older_season,0.0,6.0,0.0,0.0,3.0
MI,TABoult,INT,6.0,1.0,1.0,5.0,5.0,0.0,8.0,62.5,0.0,0.0,0.0,0.0,0.0,older_season,1.0,3.0,0.0,0.0,3.0
MI,RDChahar,IND,28.0,5.0,,14.0,,,15.0,159.09,0.0,0.0,1.0,2.0,0.0,New_season,0.0,14.0,7.5,0.0,2.8
MI,JJBumrah,IND,45.0,7.0,5.0,25.0,23.0,24.0,26.0,239.38,0.0,0.0,1.0,1.0,1.0,older_season,3.0,16.0,26.0,26.0,2.2857142857142856
MI,JJBumrah,IND,45.0,6.0,,15.0,,,15.0,257.56,0.0,0.0,1.0,1.0,0.0,New_season,2.0,12.0,15.0,0.0,2.0
MI,AFMilne,INT,4.0,3.0,1.0,7.0,5.0,3.5,12.0,58.33,0.0,0.0,0.0,0.0,0.0,older_season,0.0,3.0,0.0,0.0,1.0
MI,TABoult,INT,34.0,5.0,,7.0,,,7.0,175.0,0.0,0.0,2.0,0.0,1.0,New_season,0.0,-1.0,0.0,7.0,-0.2
MI,ArjunTendulkar,IND,0.0,0.0,,0.0,,,0.0,0.0,0.0,0.0,0.0,0.0,0.0,New_season,0.0,-6.0,0.0,0.0,-inf
MI,AnukulRoy,IND,0.0,0.0,,0.0,,,0.0,0.0,0.0,0.0,0.0,0.0,0.0,New_season,0.0,-6.0,0.0,0.0,-inf
MI,AnmolpreetSingh,IND,0.0,0.0,,0.0,,,0.0,0.0,0.0,0.0,0.0,0.0,0.0,New_season,0.0,-6.0,0.0,0.0,-inf
MI,APTare,IND,0.0,0.0,,0.0,,,0.0,0.0,0.0,0.0,0.0,0.0,0.0,New_season,0.0,-6.0,0.0,0.0,-inf
MI,AFMilne,INT,0.0,0.0,,0.0,,,0.0,0.0,0.0,0.0,0.0,0.0,0.0,New_season,0.0,-6.0,0.0,0.0,-inf
MI,JYadav,IND,2.0,0.0,,0.0,,,0.0,0.0,0.0,0.0,0.0,0.0,0.0,New_season,0.0,-6.0,0.0,0.0,-inf
MI,MohsinKhan,IND,0.0,0.0,,0.0,,,0.0,0.0,0.0,0.0,0.0,0.0,0.0,New_season,0.0,-6.0,0.0,0.0,-inf
MI,MarcoJansen,INT,0.0,0.0,,0.0,,,0.0,0.0,0.0,0.0,0.0,0.0,0.0,New_season,0.0,-6.0,0.0,0.0,-inf
MI,YudhvirCharak,IND,0.0,0.0,,0.0,,,0.0,0.0,0.0,0.0,0.0,0.0,0.0,New_season,0.0,-6.0,0.0,0.0,-inf
MI,AnmolpreetSingh,IND,0.0,0.0,0.0,0.0,0.0,0.0,0.0,0.0,0.0,0.0,0.0,0.0,0.0,older_season,0.0,0.0,0.0,0.0,
MI,AnukulRoy,IND,0.0,0.0,0.0,0.0,0.0,0.0,0.0,0.0,0.0,0.0,0.0,0.0,0.0,older_season,0.0,0.0,0.0,0.0,
MI,ArjunTendulkar,IND,0.0,0.0,0.0,0.0,0.0,0.0,0.0,0.0,0.0,0.0,0.0,0.0,0.0,older_season,0.0,0.0,0.0,0.0,
MI,MarcoJansen,INT,0.0,0.0,0.0,0.0,0.0,0.0,0.0,0.0,0.0,0.0,0.0,0.0,0.0,older_season,0.0,0.0,0.0,0.0,
MI,MohsinKhan,IND,0.0,0.0,0.0,0.0,0.0,0.0,0.0,0.0,0.0,0.0,0.0,0.0,0.0,older_season,0.0,0.0,0.0,0.0,
MI,YudhvirCharak,IND,0.0,0.0,0.0,0.0,0.0,0.0,0.0,0.0,0.0,0.0,0.0,0.0,0.0,older_season,0.0,0.0,0.0,0.0,
KXIP,KLRahul,IND,42.0,42.0,,1922.0,,,1372.0,423.13,2.0,17.0,0.0,173.0,80.0,New_season,2.0,2429.0,7.930635838150289,17.15,57.833333333333336
KXIP,CHGayle,INT,31.0,31.0,,1146.0,,,781.0,436.77,1.0,10.0,1.0,90.0,84.0,New_season,2.0,1506.0,8.677777777777777,9.297619047619047,48.58064516129032
KXIP,CHGayle,INT,101.0,100.0,12.0,3626.0,858.0,356.16999999999996,2398.0,1306.41,5.0,21.0,6.0,293.0,265.0,older_season,3.0,4709.0,8.184300341296929,9.049056603773584,47.09
KXIP,NPooran,INT,21.0,20.0,,521.0,,,315.0,326.71000000000004,0.0,2.0,1.0,32.0,39.0,New_season,0.0,653.0,9.84375,8.076923076923077,32.65
KXIP,MAAgarwal,IND,35.0,35.0,,876.0,,,599.0,425.97999999999996,1.0,4.0,2.0,79.0,34.0,New_season,0.0,1073.0,7.582278481012659,17.61764705882353,30.65714285714286
KXIP,KLRahul,IND,39.0,30.0,6.0,725.0,170.0,103.25999999999999,577.0,485.39,0.0,4.0,1.0,61.0,24.0,older_season,2.0,866.0,9.459016393442623,24.041666666666668,28.866666666666667
KXIP,MCHenriques,INT,57.0,50.0,16.0,969.0,254.0,178.07,756.0,898.9200000000001,0.0,5.0,2.0,87.0,27.0,older_season,4.0,1156.0,8.689655172413794,28.0,23.12
KXIP,MandeepSingh,IND,69.0,59.0,4.0,1112.0,298.0,109.97,920.0,749.4,0.0,5.0,9.0,134.0,18.0,older_season,3.0,1302.0,6.865671641791045,51.111111111111114,22.06779661016949
KXIP,HarpreetBrar,IND,3.0,1.0,,20.0,,,12.0,166.66,0.0,0.0,0.0,2.0,1.0,New_season,1.0,22.0,6.0,12.0,22.0
KXIP,MAAgarwal,IND,53.0,48.0,2.0,814.0,263.0,109.68,660.0,818.95,0.0,3.0,3.0,82.0,33.0,older_season,1.0,982.0,8.048780487804878,20.0,20.458333333333332
KXIP,MandeepSingh,IND,34.0,32.0,,547.0,,,415.0,392.24,0.0,1.0,3.0,36.0,19.0,New_season,2.0,627.0,11.527777777777779,21.842105263157894,19.59375
KXIP,DJHooda,IND,41.0,30.0,4.0,373.0,107.0,53.05,268.0,427.94,0.0,1.0,0.0,20.0,20.0,older_season,1.0,447.0,13.4,13.4,14.9
KXIP,DJHooda,IND,27.0,20.0,,252.0,,,215.0,351.23,0.0,1.0,2.0,12.0,9.0,New_season,1.0,288.0,17.916666666666668,23.88888888888889,14.4
KXIP,PrabhsimranSingh,IND,2.0,2.0,,15.0,,,15.0,100.0,0.0,0.0,0.0,2.0,0.0,New_season,0.0,17.0,7.5,0.0,8.5
KXIP,RBishnoi,IND,3.0,3.0,0.0,19.0,18.0,6.33,17.0,111.76,0.0,0.0,1.0,1.0,2.0,older_season,0.0,22.0,17.0,8.5,7.333333333333333
KXIP,CJJordan,INT,9.0,5.0,,29.0,,,31.0,93.54,0.0,0.0,0.0,2.0,0.0,New_season,0.0,31.0,15.5,0.0,6.2
KXIP,MohammedShami,IND,31.0,13.0,6.0,46.0,29.0,15.5,45.0,292.85,0.0,0.0,1.0,4.0,2.0,older_season,2.0,48.0,11.25,22.5,3.6923076923076925
KXIP,MAshwin,IND,21.0,5.0,,8.0,,,11.0,210.0,0.0,0.0,0.0,0.0,0.0,New_season,1.0,8.0,0.0,0.0,1.6
KXIP,MohammedShami,IND,32.0,6.0,,10.0,,,11.0,233.32,0.0,0.0,2.0,1.0,0.0,New_season,1.0,5.0,11.0,0.0,0.8333333333333334
KXIP,CJJordan,INT,10.0,2.0,0.0,3.0,3.0,3.0,5.0,75.0,0.0,0.0,1.0,0.0,0.0,older_season,0.0,-5.0,0.0,0.0,-2.5
KXIP,MAshwin,IND,10.0,1.0,0.0,0.0,0.0,0.0,1.0,0.0,0.0,0.0,1.0,0.0,0.0,older_season,0.0,-8.0,0.0,0.0,-8.0
KXIP,ArshdeepSingh,IND,8.0,1.0,,0.0,,,3.0,0.0,0.0,0.0,1.0,0.0,0.0,New_season,0.0,-8.0,0.0,0.0,-8.0
KXIP,RileyMeredith,INT,0.0,0.0,,0.0,,,0.0,0.0,0.0,0.0,0.0,0.0,0.0,New_season,0.0,-6.0,0.0,0.0,-inf
KXIP,SarfarazKhan,IND,0.0,0.0,,0.0,,,0.0,0.0,0.0,0.0,0.0,0.0,0.0,New_season,0.0,-6.0,0.0,0.0,-inf
KXIP,SaurabhKumar,IND,0.0,0.0,,0.0,,,0.0,0.0,0.0,0.0,0.0,0.0,0.0,New_season,0.0,-6.0,0.0,0.0,-inf
KXIP,ShahrukhKhan,IND,0.0,0.0,,0.0,,,0.0,0.0,0.0,0.0,0.0,0.0,0.0,New_season,0.0,-6.0,0.0,0.0,-inf
KXIP,UtkarshSingh,IND,0.0,0.0,,0.0,,,0.0,0.0,0.0,0.0,0.0,0.0,0.0,New_season,0.0,-6.0,0.0,0.0,-inf
KXIP,MCHenriques,INT,0.0,0.0,,0.0,,,0.0,0.0,0.0,0.0,0.0,0.0,0.0,New_season,0.0,-6.0,0.0,0.0,-inf
KXIP,IshanPorel,IND,0.0,0.0,,0.0,,,0.0,0.0,0.0,0.0,0.0,0.0,0.0,New_season,0.0,-6.0,0.0,0.0,-inf
KXIP,FabianAllen,INT,0.0,0.0,,0.0,,,0.0,0.0,0.0,0.0,0.0,0.0,0.0,New_season,0.0,-6.0,0.0,0.0,-inf
KXIP,DawidMalan,INT,0.0,0.0,,0.0,,,0.0,0.0,0.0,0.0,0.0,0.0,0.0,New_season,0.0,-6.0,0.0,0.0,-inf
KXIP,DarshanNalkande,IND,0.0,0.0,,0.0,,,0.0,0.0,0.0,0.0,0.0,0.0,0.0,New_season,0.0,-6.0,0.0,0.0,-inf
KXIP,JalajSaxena,IND,0.0,0.0,,0.0,,,0.0,0.0,0.0,0.0,0.0,0.0,0.0,New_season,0.0,-6.0,0.0,0.0,-inf
KXIP,RBishnoi,IND,0.0,0.0,,0.0,,,0.0,0.0,0.0,0.0,0.0,0.0,0.0,New_season,0.0,-6.0,0.0,0.0,-inf
KXIP,JhyeRichardson,INT,0.0,0.0,,0.0,,,0.0,0.0,0.0,0.0,0.0,0.0,0.0,New_season,0.0,-6.0,0.0,0.0,-inf
KXIP,ArshdeepSingh,IND,0.0,0.0,0.0,0.0,0.0,0.0,0.0,0.0,0.0,0.0,0.0,0.0,0.0,older_season,0.0,0.0,0.0,0.0,
KXIP,DarshanNalkande,IND,0.0,0.0,0.0,0.0,0.0,0.0,0.0,0.0,0.0,0.0,0.0,0.0,0.0,older_season,0.0,0.0,0.0,0.0,
KXIP,DawidMalan,INT,0.0,0.0,0.0,0.0,0.0,0.0,0.0,0.0,0.0,0.0,0.0,0.0,0.0,older_season,0.0,0.0,0.0,0.0,
KXIP,FabianAllen,INT,0.0,0.0,0.0,0.0,0.0,0.0,0.0,0.0,0.0,0.0,0.0,0.0,0.0,older_season,0.0,0.0,0.0,0.0,
KXIP,IshanPorel,IND,0.0,0.0,0.0,0.0,0.0,0.0,0.0,0.0,0.0,0.0,0.0,0.0,0.0,older_season,0.0,0.0,0.0,0.0,
KXIP,JalajSaxena,IND,0.0,0.0,0.0,0.0,0.0,0.0,0.0,0.0,0.0,0.0,0.0,0.0,0.0,older_season,0.0,0.0,0.0,0.0,
KXIP,JhyeRichardson,INT,0.0,0.0,0.0,0.0,0.0,0.0,0.0,0.0,0.0,0.0,0.0,0.0,0.0,older_season,0.0,0.0,0.0,0.0,
KXIP,PrabhsimranSingh,IND,0.0,0.0,0.0,0.0,0.0,0.0,0.0,0.0,0.0,0.0,0.0,0.0,0.0,older_season,0.0,0.0,0.0,0.0,
KXIP,RileyMeredith,INT,0.0,0.0,0.0,0.0,0.0,0.0,0.0,0.0,0.0,0.0,0.0,0.0,0.0,older_season,0.0,0.0,0.0,0.0,
KXIP,SarfarazKhan,IND,0.0,0.0,0.0,0.0,0.0,0.0,0.0,0.0,0.0,0.0,0.0,0.0,0.0,older_season,0.0,0.0,0.0,0.0,
KXIP,SaurabhKumar,IND,0.0,0.0,0.0,0.0,0.0,0.0,0.0,0.0,0.0,0.0,0.0,0.0,0.0,older_season,0.0,0.0,0.0,0.0,
KXIP,ShahrukhKhan,IND,0.0,0.0,0.0,0.0,0.0,0.0,0.0,0.0,0.0,0.0,0.0,0.0,0.0,older_season,0.0,0.0,0.0,0.0,
KXIP,UtkarshSingh,IND,0.0,0.0,0.0,0.0,0.0,0.0,0.0,0.0,0.0,0.0,0.0,0.0,0.0,older_season,0.0,0.0,0.0,0.0,
KKR,NRana,IND,17.0,15.0,1.0,437.0,132.0,64.92999999999999,339.0,264.78999999999996,0.0,4.0,0.0,31.0,25.0,older_season,1.0,552.0,10.935483870967742,13.56,36.8
KKR,EJGMorgan,INT,14.0,14.0,,418.0,,,302.0,138.41,0.0,1.0,0.0,32.0,24.0,New_season,0.0,508.0,9.4375,12.583333333333334,36.285714285714285
KKR,RATripathi,IND,14.0,14.0,0.0,391.0,93.0,27.92,267.0,146.44,0.0,2.0,1.0,43.0,17.0,older_season,0.0,484.0,6.209302325581396,15.705882352941176,34.57142857142857
KKR,ADRussell,INT,40.0,36.0,,943.0,,,501.0,534.04,0.0,5.0,2.0,57.0,92.0,New_season,2.0,1234.0,8.789473684210526,5.445652173913044,34.27777777777778
KKR,NRana,IND,43.0,40.0,,1000.0,,,721.0,415.99,0.0,7.0,4.0,96.0,47.0,New_season,1.0,1244.0,7.510416666666667,15.340425531914894,31.1
KKR,ShubmanGill,IND,41.0,38.0,,939.0,,,750.0,388.35999999999996,0.0,7.0,0.0,87.0,24.0,New_season,1.0,1132.0,8.620689655172415,31.25,29.789473684210527
KKR,ADRussell,INT,34.0,25.0,3.0,574.0,144.0,93.07,331.0,642.1299999999999,0.0,3.0,0.0,48.0,37.0,older_season,1.0,730.0,6.895833333333333,8.945945945945946,29.2
KKR,KKNair,IND,55.0,50.0,4.0,1158.0,290.0,111.26,912.0,586.5899999999999,0.0,8.0,2.0,135.0,26.0,older_season,2.0,1407.0,6.7555555555555555,35.07692307692308,28.14
KKR,KDKarthik,IND,44.0,43.0,,920.0,,,644.0,420.12,0.0,5.0,3.0,91.0,34.0,New_season,1.0,1117.0,7.076923076923077,18.941176470588236,25.976744186046513
KKR,KDKarthik,IND,152.0,134.0,17.0,2903.0,591.0,251.68000000000004,2305.0,1261.28,0.0,14.0,8.0,286.0,71.0,older_season,1.0,3433.0,8.05944055944056,32.46478873239437,25.619402985074625
KKR,LHFerguson,INT,5.0,2.0,,43.0,,,29.0,148.27,0.0,0.0,0.0,4.0,1.0,New_season,0.0,51.0,7.25,29.0,25.5
KKR,KKNair,IND,18.0,16.0,,322.0,,,241.0,333.79999999999995,0.0,2.0,1.0,25.0,13.0,New_season,0.0,389.0,9.64,18.53846153846154,24.3125
KKR,RATripathi,IND,31.0,30.0,,597.0,,,466.0,381.88,0.0,3.0,0.0,52.0,20.0,New_season,1.0,715.0,8.961538461538462,23.3,23.833333333333332
KKR,SPNarine,INT,38.0,34.0,,621.0,,,359.0,498.51,0.0,3.0,2.0,67.0,40.0,New_season,0.0,800.0,5.358208955223881,8.975,23.529411764705884
KKR,EJGMorgan,INT,52.0,45.0,5.0,854.0,274.0,119.0,705.0,707.4699999999999,0.0,4.0,2.0,72.0,34.0,older_season,0.0,1022.0,9.791666666666666,20.735294117647058,22.711111111111112
KKR,BCJCutting,INT,9.0,8.0,3.0,124.0,67.0,66.0,66.0,520.65,0.0,0.0,1.0,9.0,10.0,older_season,1.0,165.0,7.333333333333333,6.6,20.625
KKR,ShakibAlHasan,INT,20.0,14.0,,248.0,,,207.0,211.31,0.0,0.0,0.0,26.0,5.0,New_season,0.0,278.0,7.961538461538462,41.4,19.857142857142858
KKR,ShakibAlHasan,INT,43.0,32.0,9.0,498.0,218.0,96.88,382.0,744.99,0.0,2.0,2.0,44.0,15.0,older_season,2.0,590.0,8.681818181818182,25.466666666666665,18.4375
KKR,PJCummins,INT,14.0,11.0,,146.0,,,114.0,128.07,0.0,1.0,0.0,9.0,8.0,New_season,0.0,179.0,12.666666666666666,14.25,16.272727272727273
KKR,BCJCutting,INT,12.0,9.0,,114.0,,,75.0,271.39,0.0,0.0,0.0,6.0,9.0,New_season,1.0,136.0,12.5,8.333333333333334,15.11111111111111
KKR,SPJackson,IND,4.0,3.0,1.0,38.0,16.0,19.0,31.0,122.58,0.0,0.0,0.0,5.0,0.0,older_season,0.0,43.0,6.2,0.0,14.333333333333334
KKR,HarbhajanSingh,IND,136.0,84.0,35.0,799.0,311.0,178.37999999999997,561.0,1410.31,0.0,1.0,13.0,76.0,41.0,older_season,5.0,963.0,7.381578947368421,13.682926829268293,11.464285714285714
KKR,KuldeepYadav,IND,12.0,2.0,0.0,20.0,16.0,10.0,22.0,90.9,0.0,0.0,0.0,2.0,0.0,older_season,0.0,22.0,11.0,0.0,11.0
KKR,SPNarine,INT,82.0,32.0,12.0,271.0,86.0,45.230000000000004,184.0,536.65,0.0,1.0,4.0,36.0,12.0,older_season,2.0,327.0,5.111111111111111,15.333333333333334,10.21875
KKR,PJCummins,INT,15.0,10.0,4.0,77.0,24.0,15.4,55.0,145.28,0.0,0.0,1.0,5.0,4.0,older_season,0.0,84.0,11.0,13.75,8.4
KKR,HarbhajanSingh,IND,24.0,4.0,,30.0,,,39.0,113.88,0.0,0.0,0.0,3.0,1.0,New_season,0.0,23.0,13.0,39.0,5.75
KKR,KuldeepYadav,IND,30.0,9.0,,37.0,,,53.0,261.9,0.0,0.0,2.0,3.0,0.0,New_season,2.0,36.0,17.666666666666668,0.0,4.0
KKR,KLNagarkoti,IND,10.0,6.0,,22.0,,,31.0,70.96,0.0,0.0,1.0,1.0,0.0,New_season,0.0,21.0,31.0,0.0,3.5
KKR,ShivamMavi,IND,17.0,7.0,,23.0,,,29.0,158.07999999999998,0.0,0.0,2.0,2.0,0.0,New_season,0.0,21.0,14.5,0.0,3.0
KKR,CVVarun,IND,13.0,3.0,,10.0,,,15.0,66.66,0.0,0.0,0.0,0.0,0.0,New_season,0.0,8.0,0.0,0.0,2.6666666666666665
KKR,LHFerguson,INT,4.0,1.0,1.0,1.0,1.0,0.0,1.0,100.0,0.0,0.0,0.0,0.0,0.0,older_season,1.0,1.0,0.0,0.0,1.0
KKR,MPrasidhKrishna,IND,24.0,5.0,,3.0,,,11.0,70.0,0.0,0.0,1.0,0.0,0.0,New_season,1.0,-11.0,0.0,0.0,-2.2
KKR,VenkateshIyer,IND,0.0,0.0,,0.0,,,0.0,0.0,0.0,0.0,0.0,0.0,0.0,New_season,0.0,-6.0,0.0,0.0,-inf
KKR,VaibhavArora,IND,0.0,0.0,,0.0,,,0.0,0.0,0.0,0.0,0.0,0.0,0.0,New_season,0.0,-6.0,0.0,0.0,-inf
KKR,RinkuSingh,IND,0.0,0.0,,0.0,,,0.0,0.0,0.0,0.0,0.0,0.0,0.0,New_season,0.0,-6.0,0.0,0.0,-inf
KKR,SSandeepWarrier,IND,1.0,0.0,,0.0,,,0.0,0.0,0.0,0.0,0.0,0.0,0.0,New_season,0.0,-6.0,0.0,0.0,-inf
KKR,SPJackson,IND,0.0,0.0,,0.0,,,0.0,0.0,0.0,0.0,0.0,0.0,0.0,New_season,0.0,-6.0,0.0,0.0,-inf
KKR,TimSeifert,INT,0.0,0.0,,0.0,,,0.0,0.0,0.0,0.0,0.0,0.0,0.0,New_season,0.0,-6.0,0.0,0.0,-inf
KKR,PawanNegi,IND,0.0,0.0,,0.0,,,0.0,0.0,0.0,0.0,0.0,0.0,0.0,New_season,0.0,-6.0,0.0,0.0,-inf
KKR,CVVarun,IND,0.0,0.0,0.0,0.0,0.0,0.0,0.0,0.0,0.0,0.0,0.0,0.0,0.0,older_season,0.0,0.0,0.0,0.0,
KKR,KLNagarkoti,IND,0.0,0.0,0.0,0.0,0.0,0.0,0.0,0.0,0.0,0.0,0.0,0.0,0.0,older_season,0.0,0.0,0.0,0.0,
KKR,PawanNegi,IND,0.0,0.0,0.0,0.0,0.0,0.0,0.0,0.0,0.0,0.0,0.0,0.0,0.0,older_season,0.0,0.0,0.0,0.0,
KKR,RinkuSingh,IND,0.0,0.0,0.0,0.0,0.0,0.0,0.0,0.0,0.0,0.0,0.0,0.0,0.0,older_season,0.0,0.0,0.0,0.0,
KKR,SSandeepWarrier,IND,0.0,0.0,0.0,0.0,0.0,0.0,0.0,0.0,0.0,0.0,0.0,0.0,0.0,older_season,0.0,0.0,0.0,0.0,
KKR,TimSeifert,INT,0.0,0.0,0.0,0.0,0.0,0.0,0.0,0.0,0.0,0.0,0.0,0.0,0.0,older_season,0.0,0.0,0.0,0.0,
KKR,VaibhavArora,IND,0.0,0.0,0.0,0.0,0.0,0.0,0.0,0.0,0.0,0.0,0.0,0.0,0.0,older_season,0.0,0.0,0.0,0.0,
KKR,VenkateshIyer,IND,0.0,0.0,0.0,0.0,0.0,0.0,0.0,0.0,0.0,0.0,0.0,0.0,0.0,older_season,0.0,0.0,0.0,0.0,
DC,RRPant,IND,44.0,44.0,,1515.0,,,995.0,450.21,1.0,9.0,1.0,136.0,73.0,New_season,2.0,1893.0,7.3161764705882355,13.63013698630137,43.02272727272727
DC,SDhawan,IND,49.0,49.0,,1636.0,,,1174.0,417.30999999999995,2.0,13.0,6.0,190.0,37.0,New_season,2.0,2030.0,6.178947368421053,31.72972972972973,41.42857142857143
DC,SSIyer,IND,47.0,47.0,,1393.0,,,1117.0,375.79,0.0,10.0,0.0,110.0,51.0,New_season,1.0,1687.0,10.154545454545454,21.901960784313726,35.8936170212766
DC,AMRahane,IND,111.0,105.0,14.0,3057.0,586.0,267.28,2535.0,991.05,1.0,25.0,10.0,320.0,60.0,older_season,4.0,3689.0,7.921875,42.25,35.13333333333333
DC,SDhawan,IND,127.0,126.0,17.0,3561.0,675.0,311.23,2922.0,1183.81,0.0,28.0,4.0,401.0,71.0,older_season,5.0,4320.0,7.286783042394015,41.15492957746479,34.285714285714285
DC,SPDSmith,INT,69.0,62.0,16.0,1703.0,400.0,227.68,1293.0,797.59,1.0,5.0,1.0,150.0,45.0,older_season,4.0,2007.0,8.62,28.733333333333334,32.37096774193548
DC,SPDSmith,INT,26.0,24.0,,630.0,,,512.0,247.22,0.0,6.0,0.0,62.0,13.0,New_season,1.0,768.0,8.258064516129032,39.38461538461539,32.0
DC,SSIyer,IND,32.0,32.0,3.0,807.0,198.0,72.56,628.0,337.21000000000004,0.0,6.0,5.0,79.0,32.0,older_season,0.0,988.0,7.949367088607595,19.625,30.875
DC,AMRahane,IND,38.0,35.0,,876.0,,,705.0,361.69999999999993,1.0,3.0,3.0,96.0,16.0,New_season,2.0,1040.0,7.34375,44.0625,29.714285714285715
DC,RRPant,IND,24.0,24.0,2.0,564.0,166.0,50.89,373.0,295.87,0.0,3.0,3.0,47.0,30.0,older_season,0.0,695.0,7.9361702127659575,12.433333333333334,28.958333333333332
DC,SWBillings,INT,11.0,10.0,0.0,226.0,109.0,45.0,168.0,270.19,0.0,2.0,1.0,23.0,5.0,older_season,0.0,277.0,7.304347826086956,33.6,27.7
DC,PPShaw,IND,38.0,38.0,,826.0,,,591.0,423.35,0.0,6.0,4.0,99.0,27.0,New_season,0.0,1027.0,5.96969696969697,21.88888888888889,27.026315789473685
DC,MPStoinis,INT,12.0,8.0,1.0,163.0,61.0,42.16,132.0,206.01,0.0,1.0,1.0,14.0,4.0,older_season,0.0,193.0,9.428571428571429,33.0,24.125
DC,MPStoinis,INT,34.0,34.0,,662.0,,,469.0,414.03,0.0,3.0,3.0,51.0,30.0,New_season,2.0,797.0,9.196078431372548,15.633333333333333,23.441176470588236
DC,SOHetmyer,INT,17.0,16.0,,275.0,,,198.0,271.28,0.0,1.0,1.0,15.0,19.0,New_season,0.0,336.0,13.2,10.421052631578947,21.0
DC,KRabada,INT,6.0,3.0,0.0,55.0,44.0,18.33,64.0,85.93,0.0,0.0,1.0,5.0,1.0,older_season,0.0,60.0,12.8,64.0,20.0
DC,TKCurran,INT,10.0,8.0,,106.0,,,90.0,216.01,0.0,1.0,0.0,8.0,3.0,New_season,0.0,130.0,11.25,30.0,16.25
DC,ARPatel,IND,59.0,43.0,13.0,606.0,162.0,77.42999999999999,473.0,505.98999999999995,0.0,0.0,4.0,34.0,28.0,older_season,3.0,692.0,13.911764705882353,16.892857142857142,16.093023255813954
DC,SWBillings,INT,11.0,9.0,,108.0,,,82.0,138.46,0.0,1.0,2.0,8.0,5.0,New_season,0.0,120.0,10.25,16.4,13.333333333333334
DC,ARPatel,IND,38.0,29.0,,307.0,,,242.0,378.58,0.0,0.0,1.0,19.0,15.0,New_season,0.0,356.0,12.736842105263158,16.133333333333333,12.275862068965518
DC,RAshwin,IND,43.0,21.0,,181.0,,,133.0,402.47999999999996,0.0,0.0,5.0,13.0,9.0,New_season,1.0,206.0,10.23076923076923,14.777777777777779,9.80952380952381
DC,CRWoakes,INT,13.0,7.0,3.0,46.0,18.0,11.5,47.0,97.87,0.0,0.0,0.0,4.0,1.0,older_season,0.0,52.0,11.75,47.0,7.428571428571429
DC,VishnuVinod,IND,3.0,3.0,0.0,19.0,9.0,6.33,26.0,73.07,0.0,0.0,0.0,1.0,1.0,older_season,0.0,22.0,26.0,26.0,7.333333333333333
DC,AMishra,IND,126.0,51.0,22.0,340.0,143.0,126.89999999999999,363.0,852.6300000000001,0.0,0.0,10.0,27.0,5.0,older_season,5.0,347.0,13.444444444444445,72.6,6.803921568627451
DC,RAshwin,IND,111.0,37.0,15.0,231.0,106.0,84.08,240.0,723.47,0.0,0.0,4.0,22.0,2.0,older_season,2.0,243.0,10.909090909090908,120.0,6.5675675675675675
DC,KRabada,INT,29.0,12.0,,70.0,,,64.0,207.61,0.0,0.0,2.0,4.0,3.0,New_season,0.0,76.0,16.0,21.333333333333332,6.333333333333333
DC,ISharma,IND,14.0,3.0,,10.0,,,3.0,333.33,0.0,0.0,0.0,1.0,1.0,New_season,1.0,13.0,3.0,3.0,4.333333333333333
DC,UTYadav,IND,94.0,25.0,18.0,94.0,54.0,80.0,90.0,737.63,0.0,0.0,3.0,8.0,3.0,older_season,7.0,102.0,11.25,30.0,4.08
DC,AMishra,IND,24.0,5.0,,22.0,,,26.0,137.5,0.0,0.0,0.0,2.0,0.0,New_season,1.0,18.0,13.0,0.0,3.6
DC,CRWoakes,INT,5.0,4.0,,17.0,,,19.0,89.47,0.0,0.0,0.0,1.0,1.0,New_season,0.0,14.0,19.0,19.0,3.5
DC,PDubey,IND,3.0,1.0,,7.0,,,13.0,53.84,0.0,0.0,0.0,0.0,0.0,New_season,0.0,3.0,0.0,0.0,3.0
DC,ANortje,INT,16.0,5.0,,7.0,,,6.0,116.66,0.0,0.0,0.0,0.0,0.0,New_season,0.0,7.0,0.0,0.0,1.4
DC,ISharma,IND,69.0,22.0,16.0,45.0,25.0,29.0,58.0,405.02000000000004,0.0,0.0,1.0,3.0,1.0,older_season,6.0,28.0,19.333333333333332,58.0,1.2727272727272727
DC,UTYadav,IND,27.0,13.0,,28.0,,,38.0,127.27,0.0,0.0,3.0,3.0,1.0,New_season,1.0,15.0,12.666666666666666,38.0,1.1538461538461537
DC,AveshKhan,IND,2.0,1.0,,4.0,,,3.0,133.33,0.0,0.0,0.0,1.0,0.0,New_season,1.0,1.0,3.0,0.0,1.0
DC,RipalPatel,IND,0.0,0.0,,0.0,,,0.0,0.0,0.0,0.0,0.0,0.0,0.0,New_season,0.0,-6.0,0.0,0.0,-inf
DC,VishnuVinod,IND,0.0,0.0,,0.0,,,0.0,0.0,0.0,0.0,0.0,0.0,0.0,New_season,0.0,-6.0,0.0,0.0,-inf
DC,LalithYadav,IND,0.0,0.0,,0.0,,,0.0,0.0,0.0,0.0,0.0,0.0,0.0,New_season,0.0,-6.0,0.0,0.0,-inf
DC,MSiddharth,IND,0.0,0.0,,0.0,,,0.0,0.0,0.0,0.0,0.0,0.0,0.0,New_season,0.0,-6.0,0.0,0.0,-inf
DC,LukmanMeriwala,IND,0.0,0.0,,0.0,,,0.0,0.0,0.0,0.0,0.0,0.0,0.0,New_season,0.0,-6.0,0.0,0.0,-inf
DC,ANortje,INT,0.0,0.0,0.0,0.0,0.0,0.0,0.0,0.0,0.0,0.0,0.0,0.0,0.0,older_season,0.0,0.0,0.0,0.0,
DC,LalithYadav,IND,0.0,0.0,0.0,0.0,0.0,0.0,0.0,0.0,0.0,0.0,0.0,0.0,0.0,older_season,0.0,0.0,0.0,0.0,
DC,LukmanMeriwala,IND,0.0,0.0,0.0,0.0,0.0,0.0,0.0,0.0,0.0,0.0,0.0,0.0,0.0,older_season,0.0,0.0,0.0,0.0,
DC,MSiddharth,IND,0.0,0.0,0.0,0.0,0.0,0.0,0.0,0.0,0.0,0.0,0.0,0.0,0.0,older_season,0.0,0.0,0.0,0.0,
DC,PDubey,IND,0.0,0.0,0.0,0.0,0.0,0.0,0.0,0.0,0.0,0.0,0.0,0.0,0.0,older_season,0.0,0.0,0.0,0.0,
DC,RipalPatel,IND,0.0,0.0,0.0,0.0,0.0,0.0,0.0,0.0,0.0,0.0,0.0,0.0,0.0,older_season,0.0,0.0,0.0,0.0,
CSK,RDGaikwad,IND,6.0,6.0,,204.0,,,169.0,120.71,0.0,3.0,2.0,16.0,6.0,New_season,0.0,252.0,10.5625,28.166666666666668,42.0
CSK,FduPlessis,INT,31.0,31.0,,1007.0,,,769.0,389.69,0.0,8.0,1.0,95.0,35.0,New_season,1.0,1236.0,8.094736842105263,21.97142857142857,39.87096774193548
CSK,SKRaina,IND,161.0,157.0,24.0,4540.0,790.0,349.75,3265.0,1387.19,1.0,31.0,7.0,402.0,173.0,older_season,4.0,5556.0,8.121890547263682,18.872832369942195,35.388535031847134
CSK,ATRayudu,IND,45.0,44.0,,1243.0,,,987.0,370.11,1.0,5.0,3.0,103.0,53.0,New_season,1.0,1504.0,9.58252427184466,18.62264150943396,34.18181818181818
CSK,FduPlessis,INT,53.0,46.0,3.0,1295.0,259.0,132.26,1012.0,626.29,0.0,8.0,2.0,110.0,38.0,older_season,1.0,1543.0,9.2,26.63157894736842,33.54347826086956
CSK,MSDhoni,IND,45.0,39.0,,1071.0,,,783.0,401.54999999999995,0.0,6.0,0.0,62.0,60.0,New_season,2.0,1307.0,12.629032258064516,13.05,33.51282051282051
CSK,RVUthappa,IND,149.0,143.0,15.0,3778.0,693.0,293.55999999999995,2870.0,1321.15,0.0,22.0,6.0,377.0,125.0,older_season,4.0,4585.0,7.612732095490716,22.96,32.06293706293706
CSK,SKRaina,IND,32.0,32.0,,828.0,,,650.0,254.41,0.0,7.0,1.0,91.0,21.0,New_season,1.0,1011.0,7.142857142857143,30.952380952380953,31.59375
CSK,MSDhoni,IND,159.0,143.0,49.0,3561.0,612.0,402.19,2604.0,1369.35,0.0,17.0,3.0,251.0,156.0,older_season,8.0,4270.0,10.374501992031872,16.692307692307693,29.86013986013986
CSK,ATRayudu,IND,114.0,107.0,18.0,2416.0,485.0,217.07,1915.0,1012.58,0.0,14.0,9.0,205.0,79.0,older_season,4.0,2879.0,9.341463414634147,24.240506329113924,26.906542056074766
CSK,RVUthappa,IND,40.0,39.0,,829.0,,,674.0,367.06,0.0,2.0,1.0,77.0,38.0,New_season,1.0,998.0,8.753246753246753,17.736842105263158,25.58974358974359
CSK,DLChahar,IND,3.0,1.0,0.0,14.0,14.0,14.0,6.0,233.33,0.0,0.0,0.0,0.0,2.0,older_season,0.0,24.0,0.0,3.0,24.0
CSK,MMAli,INT,19.0,17.0,,309.0,,,195.0,407.79999999999995,0.0,3.0,1.0,21.0,23.0,New_season,0.0,406.0,9.285714285714286,8.478260869565217,23.88235294117647
CSK,CAPujara,IND,30.0,22.0,3.0,390.0,172.0,95.49,391.0,486.74,0.0,1.0,1.0,50.0,4.0,older_season,2.0,454.0,7.82,97.75,20.636363636363637
CSK,SMCurran,INT,23.0,19.0,,281.0,,,196.0,304.63,0.0,2.0,3.0,25.0,15.0,New_season,1.0,354.0,7.84,13.066666666666666,18.63157894736842
CSK,DJBravo,INT,106.0,83.0,28.0,1262.0,326.0,172.14000000000001,999.0,1312.45,0.0,4.0,2.0,103.0,48.0,older_season,7.0,1507.0,9.699029126213592,20.8125,18.156626506024097
CSK,RAJadeja,IND,138.0,109.0,37.0,1732.0,335.0,227.32999999999998,1409.0,1126.65,0.0,0.0,6.0,125.0,57.0,older_season,4.0,1967.0,11.272,24.719298245614034,18.045871559633028
CSK,NJagadeesan,IND,5.0,2.0,,33.0,,,29.0,113.79,0.0,0.0,1.0,4.0,0.0,New_season,0.0,35.0,7.25,0.0,17.5
CSK,RAJadeja,IND,46.0,30.0,,427.0,,,297.0,412.57,0.0,1.0,0.0,32.0,19.0,New_season,2.0,511.0,9.28125,15.631578947368421,17.033333333333335
CSK,MJSantner,INT,6.0,2.0,,32.0,,,23.0,139.13,0.0,0.0,0.0,0.0,3.0,New_season,0.0,34.0,0.0,7.666666666666667,17.0
CSK,DJBravo,INT,34.0,21.0,,228.0,,,163.0,392.80999999999995,0.0,1.0,2.0,14.0,13.0,New_season,0.0,276.0,11.642857142857142,12.538461538461538,13.142857142857142
CSK,KVSharma,IND,56.0,34.0,13.0,317.0,134.0,58.239999999999995,274.0,638.84,0.0,0.0,1.0,18.0,14.0,older_season,3.0,357.0,15.222222222222221,19.571428571428573,10.5
CSK,SNThakur,IND,32.0,6.0,,41.0,,,33.0,557.14,0.0,0.0,1.0,4.0,1.0,New_season,2.0,53.0,8.25,33.0,8.833333333333334
CSK,DLChahar,IND,43.0,9.0,,64.0,,,50.0,308.51,0.0,0.0,3.0,2.0,4.0,New_season,0.0,70.0,25.0,12.5,7.777777777777778
CSK,ImranTahir,INT,26.0,3.0,,15.0,,,12.0,230.0,0.0,0.0,0.0,2.0,0.0,New_season,2.0,11.0,6.0,0.0,3.6666666666666665
CSK,ImranTahir,INT,32.0,6.0,2.0,18.0,12.0,14.0,25.0,234.75,0.0,0.0,0.0,3.0,0.0,older_season,2.0,15.0,8.333333333333334,0.0,2.5
CSK,SNThakur,IND,13.0,4.0,1.0,7.0,7.0,0.0,9.0,116.66,0.0,0.0,3.0,1.0,0.0,older_season,1.0,-4.0,9.0,0.0,-1.0
CSK,KVSharma,IND,11.0,1.0,,0.0,,,0.0,0.0,0.0,0.0,0.0,0.0,0.0,New_season,1.0,-12.0,0.0,0.0,-12.0
CSK,RSaiKishore,IND,0.0,0.0,,0.0,,,0.0,0.0,0.0,0.0,0.0,0.0,0.0,New_season,0.0,-6.0,0.0,0.0,-inf
CSK,JRHazlewood,INT,3.0,0.0,,0.0,,,0.0,0.0,0.0,0.0,0.0,0.0,0.0,New_season,0.0,-6.0,0.0,0.0,-inf
CSK,HarishankarReddy,IND,0.0,0.0,,0.0,,,0.0,0.0,0.0,0.0,0.0,0.0,0.0,New_season,0.0,-6.0,0.0,0.0,-inf
CSK,CHariNishaanth,IND,0.0,0.0,,0.0,,,0.0,0.0,0.0,0.0,0.0,0.0,0.0,New_season,0.0,-6.0,0.0,0.0,-inf
CSK,CAPujara,IND,0.0,0.0,,0.0,,,0.0,0.0,0.0,0.0,0.0,0.0,0.0,New_season,0.0,-6.0,0.0,0.0,-inf
CSK,BhagathVarma,IND,0.0,0.0,,0.0,,,0.0,0.0,0.0,0.0,0.0,0.0,0.0,New_season,0.0,-6.0,0.0,0.0,-inf
CSK,LNgidi,INT,4.0,0.0,,0.0,,,0.0,0.0,0.0,0.0,0.0,0.0,0.0,New_season,0.0,-6.0,0.0,0.0,-inf
CSK,KrishnappaGowtham,IND,0.0,0.0,,0.0,,,0.0,0.0,0.0,0.0,0.0,0.0,0.0,New_season,0.0,-6.0,0.0,0.0,-inf
CSK,KMAsif,IND,0.0,0.0,,0.0,,,0.0,0.0,0.0,0.0,0.0,0.0,0.0,New_season,0.0,-6.0,0.0,0.0,-inf
CSK,BhagathVarma,IND,0.0,0.0,0.0,0.0,0.0,0.0,0.0,0.0,0.0,0.0,0.0,0.0,0.0,older_season,0.0,0.0,0.0,0.0,
CSK,CHariNishaanth,IND,0.0,0.0,0.0,0.0,0.0,0.0,0.0,0.0,0.0,0.0,0.0,0.0,0.0,older_season,0.0,0.0,0.0,0.0,
CSK,HarishankarReddy,IND,0.0,0.0,0.0,0.0,0.0,0.0,0.0,0.0,0.0,0.0,0.0,0.0,0.0,older_season,0.0,0.0,0.0,0.0,
CSK,JRHazlewood,INT,0.0,0.0,0.0,0.0,0.0,0.0,0.0,0.0,0.0,0.0,0.0,0.0,0.0,older_season,0.0,0.0,0.0,0.0,
CSK,KMAsif,IND,0.0,0.0,0.0,0.0,0.0,0.0,0.0,0.0,0.0,0.0,0.0,0.0,0.0,older_season,0.0,0.0,0.0,0.0,
CSK,KrishnappaGowtham,IND,0.0,0.0,0.0,0.0,0.0,0.0,0.0,0.0,0.0,0.0,0.0,0.0,0.0,older_season,0.0,0.0,0.0,0.0,
CSK,LNgidi,INT,0.0,0.0,0.0,0.0,0.0,0.0,0.0,0.0,0.0,0.0,0.0,0.0,0.0,older_season,0.0,0.0,0.0,0.0,
CSK,NJagadeesan,IND,0.0,0.0,0.0,0.0,0.0,0.0,0.0,0.0,0.0,0.0,0.0,0.0,0.0,older_season,0.0,0.0,0.0,0.0,
CSK,RDGaikwad,IND,0.0,0.0,0.0,0.0,0.0,0.0,0.0,0.0,0.0,0.0,0.0,0.0,0.0,older_season,0.0,0.0,0.0,0.0,
CSK,RSaiKishore,IND,0.0,0.0,0.0,0.0,0.0,0.0,0.0,0.0,0.0,0.0,0.0,0.0,0.0,older_season,0.0,0.0,0.0,0.0,
