Player_name,NATIONALITY,team_name,Span,Mat,Inns,NO,Runs,HS,Ave,BF,SR,hundred,fifties,duck,fours,sixes,dream_11_points,consistency
MSDhoni,IND,CSK,2016-2019,34.0,29.0,15,635.0,56,45.35,468,135.68,0.0,2.0,0.0,50.0,21.0,745.0,25.689655172413794
ATRayudu,IND,CSK,2016-2016,3.0,2.0,0,39.0,20,19.5,42,92.85,0.0,0.0,0.0,5.0,0.0,44.0,22.0
KMAsif,IND,CSK,0,0.0,0.0,0,0.0,0,0,0,0.0,0.0,0.0,0.0,0.0,0.0,0.0,0.0
DJBravo,INT,CSK,2016-2021,18.0,12.0,2,164.0,55,16.4,177,92.65,0.0,1.0,1.0,10.0,6.0,192.0,16.0
DLChahar,IND,CSK,2018-2020,13.0,4.0,4,1.0,1*,0,1,100.0,0.0,0.0,0.0,0.0,0.0,1.0,0.25
FduPlessis,INT,CSK,2016-2020,19.0,19.0,1,533.0,78,29.61,400,133.25,0.0,3.0,0.0,50.0,20.0,649.0,34.1578947368421
ImranTahir,INT,CSK,2016-2019,15.0,2.0,1,2.0,1*,2,7,28.57,0.0,0.0,0.0,0.0,0.0,-4.0,-2.0
NJagadeesan,IND,CSK,0,0.0,0.0,0,0.0,0,0,0,0.0,0.0,0.0,0.0,0.0,0.0,0.0,0.0
JRHazlewood,INT,CSK,2016-2020,4.0,0.0,0,0.0,0,0,0,0.0,0.0,0.0,0.0,0.0,0.0,-6.0,0.0
KVSharma,IND,CSK,0,0.0,0.0,0,0.0,0,0,0,0.0,0.0,0.0,0.0,0.0,0.0,0.0,0.0
LNgidi,INT,CSK,2017-2020,16.0,4.0,1,7.0,4,2.33,15,46.66,0.0,0.0,1.0,0.0,0.0,-1.0,-0.25
MJSantner,INT,CSK,2016-2021,46.0,33.0,14,306.0,37,16.1,227,134.8,0.0,0.0,3.0,22.0,11.0,346.0,10.484848484848484
RSaiKishore,IND,CSK,0,0.0,0.0,0,0.0,0,0,0,0.0,0.0,0.0,0.0,0.0,0.0,0.0,0.0
RAJadeja,IND,CSK,2016-2020,17.0,8.0,5,126.0,44*,42,85,148.23,0.0,0.0,0.0,8.0,5.0,146.0,18.25
RVUthappa,IND,CSK,0,0.0,0.0,0,0.0,0,0,0,0.0,0.0,0.0,0.0,0.0,0.0,0.0,0.0
RDGaikwad,IND,CSK,0,0.0,0.0,0,0.0,0,0,0,0.0,0.0,0.0,0.0,0.0,0.0,0.0,0.0
SMCurran,INT,CSK,2019-2021,11.0,6.0,2,49.0,24,12.25,36,136.11,0.0,0.0,0.0,4.0,3.0,61.0,10.166666666666666
SNThakur,IND,CSK,2018-2021,20.0,4.0,2,59.0,22*,29.5,31,190.32,0.0,0.0,1.0,3.0,4.0,74.0,18.5
SKRaina,IND,CSK,2016-2018,20.0,17.0,0,442.0,69,26,316,139.87,0.0,2.0,2.0,37.0,19.0,531.0,31.235294117647058
MMAli,INT,CSK,2016-2020,21.0,18.0,7,255.0,61,23.18,177,144.06,0.0,1.0,1.0,19.0,14.0,310.0,17.22222222222222
KrishnappaGowtham,IND,CSK,0,0.0,0.0,0,0.0,0,0,0,0.0,0.0,0.0,0.0,0.0,0.0,0.0,0.0
CAPujara,IND,CSK,0,0.0,0.0,0,0.0,0,0,0,0.0,0.0,0.0,0.0,0.0,0.0,0.0,0.0
HarishankarReddy,IND,CSK,0,0.0,0.0,0,0.0,0,0,0,0.0,0.0,0.0,0.0,0.0,0.0,0.0,0.0
CHariNishaanth,IND,CSK,0,0.0,0.0,0,0.0,0,0,0,0.0,0.0,0.0,0.0,0.0,0.0,0.0,0.0
BhagathVarma,IND,CSK,0,0.0,0.0,0,0.0,0,0,0,0.0,0.0,0.0,0.0,0.0,0.0,0.0,0.0
SSIyer,IND,DC,2017-2021,27.0,25.0,7,513.0,67,28.5,393,130.53,0.0,3.0,2.0,39.0,21.0,616.0,24.64
AMRahane,IND,DC,2016-2016,3.0,3.0,1,51.0,40,25.5,46,110.86,0.0,0.0,0.0,3.0,0.0,54.0,18.0
AMishra,IND,DC,2016-2017,3.0,1.0,0,0.0,0,0,0,0.0,0.0,0.0,1.0,0.0,0.0,-8.0,-8.0
ANortje,INT,DC,2019-2020,5.0,1.0,0,2.0,2,2,6,33.33,0.0,0.0,0.0,0.0,0.0,-4.0,-4.0
AveshKhan,IND,DC,0,0.0,0.0,0,0.0,0,0,0,0.0,0.0,0.0,0.0,0.0,0.0,0.0,0.0
ARPatel,IND,DC,2016-2021,8.0,5.0,3,51.0,20*,25.5,27,188.88,0.0,0.0,0.0,3.0,3.0,66.0,13.2
CRWoakes,INT,DC,0,0.0,0.0,0,0.0,0,0,0,0.0,0.0,0.0,0.0,0.0,0.0,0.0,0.0
ISharma,IND,DC,0,0.0,0.0,0,0.0,0,0,0,0.0,0.0,0.0,0.0,0.0,0.0,0.0,0.0
KRabada,INT,DC,2016-2020,13.0,5.0,1,32.0,22,8,33,96.96,0.0,0.0,2.0,3.0,2.0,35.0,7.0
LalithYadav,IND,DC,0,0.0,0.0,0,0.0,0,0,0,0.0,0.0,0.0,0.0,0.0,0.0,0.0,0.0
MPStoinis,INT,DC,2017-2021,27.0,22.0,7,366.0,78,24.4,273,134.06,0.0,1.0,1.0,33.0,13.0,433.0,19.681818181818183
PDubey,IND,DC,0,0.0,0.0,0,0.0,0,0,0,0.0,0.0,0.0,0.0,0.0,0.0,0.0,0.0
PPShaw,IND,DC,0,0.0,0.0,0,0.0,0,0,0,0.0,0.0,0.0,0.0,0.0,0.0,0.0,0.0
RAshwin,IND,DC,2016-2017,7.0,2.0,2,16.0,11*,0,9,177.77,0.0,0.0,0.0,2.0,0.0,24.0,12.0
RRPant,IND,DC,2017-2021,31.0,28.0,5,482.0,65*,20.95,393,122.64,0.0,2.0,3.0,35.0,21.0,569.0,20.321428571428573
SDhawan,IND,DC,2016-2021,46.0,44.0,1,1299.0,92,30.2,995,130.55,0.0,9.0,0.0,137.0,39.0,1588.0,36.09090909090909
SOHetmyer,INT,DC,2018-2020,27.0,23.0,3,379.0,56,18.95,324,116.97,0.0,1.0,3.0,24.0,20.0,445.0,19.347826086956523
SPDSmith,INT,DC,2016-2020,19.0,16.0,4,446.0,80*,37.16,330,135.15,0.0,3.0,0.0,40.0,11.0,534.0,33.375
UTYadav,IND,DC,2018-2019,6.0,1.0,0,2.0,2,2,4,50.0,0.0,0.0,0.0,0.0,0.0,2.0,2.0
RipalPatel,IND,DC,0,0.0,0.0,0,0.0,0,0,0,0.0,0.0,0.0,0.0,0.0,0.0,0.0,0.0
VishnuVinod,IND,DC,0,0.0,0.0,0,0.0,0,0,0,0.0,0.0,0.0,0.0,0.0,0.0,0.0,0.0
LukmanMeriwala,IND,DC,0,0.0,0.0,0,0.0,0,0,0,0.0,0.0,0.0,0.0,0.0,0.0,0.0,0.0
MSiddharth,IND,DC,0,0.0,0.0,0,0.0,0,0,0,0.0,0.0,0.0,0.0,0.0,0.0,0.0,0.0
TKCurran,INT,DC,2017-2021,28.0,11.0,7,54.0,14*,13.5,47,114.89,0.0,0.0,0.0,0.0,4.0,62.0,5.636363636363637
SWBillings,INT,DC,2016-2020,24.0,21.0,4,292.0,87,17.17,227,128.63,0.0,1.0,1.0,28.0,8.0,342.0,16.285714285714285
RGSharma,IND,MI,2016-2021,53.0,52.0,4,1579.0,118,32.89,1072,147.29,3.0,11.0,3.0,138.0,85.0,2019.0,38.82692307692308
APTare,IND,MI,0,0.0,0.0,0,0.0,0,0,0,0.0,0.0,0.0,0.0,0.0,0.0,0.0,0.0
AnukulRoy,IND,MI,0,0.0,0.0,0,0.0,0,0,0,0.0,0.0,0.0,0.0,0.0,0.0,0.0,0.0
AnmolpreetSingh,IND,MI,0,0.0,0.0,0,0.0,0,0,0,0.0,0.0,0.0,0.0,0.0,0.0,0.0,0.0
CALynn,INT,MI,2018-2018,13.0,12.0,0,226.0,44,18.83,173,130.63,0.0,0.0,1.0,25.0,10.0,271.0,22.583333333333332
DSKulkarni,IND,MI,2016-2016,2.0,1.0,1,1.0,1*,0,1,100.0,0.0,0.0,0.0,0.0,0.0,1.0,1.0
HHPandya,IND,MI,2016-2021,34.0,24.0,7,361.0,42*,21.23,247,146.15,0.0,0.0,1.0,18.0,24.0,427.0,17.791666666666668
IshanKishan,IND,MI,2021-2021,2.0,2.0,0,60.0,56,30,41,146.34,0.0,1.0,0.0,5.0,4.0,83.0,41.5
JJBumrah,IND,MI,2016-2020,38.0,4.0,3,8.0,7,8,11,72.72,0.0,0.0,0.0,1.0,0.0,9.0,2.25
JYadav,IND,MI,0,0.0,0.0,0,0.0,0,0,0,0.0,0.0,0.0,0.0,0.0,0.0,0.0,0.0
KAPollard,INT,MI,2016-2021,34.0,26.0,4,613.0,75*,27.86,463,132.39,0.0,3.0,1.0,27.0,49.0,762.0,29.307692307692307
KHPandya,IND,MI,2018-2019,18.0,9.0,4,121.0,26*,24.2,92,131.52,0.0,0.0,0.0,8.0,6.0,143.0,15.88888888888889
MohsinKhan,IND,MI,2020-2020,3.0,0.0,0,0.0,0,0,0,0.0,0.0,0.0,0.0,0.0,0.0,-6.0,0.0
QdeKock,INT,MI,2016-2020,22.0,22.0,1,714.0,79*,34,483,147.82,0.0,6.0,1.0,65.0,36.0,899.0,40.86363636363637
RDChahar,IND,MI,2019-2019,1.0,0.0,0,0.0,0,0,0,0.0,0.0,0.0,0.0,0.0,0.0,-6.0,0.0
SSTiwary,IND,MI,0,0.0,0.0,0,0.0,0,0,0,0.0,0.0,0.0,0.0,0.0,0.0,0.0,0.0
SAYadav,IND,MI,2021-2021,1.0,0.0,0,0.0,0,0,0,0.0,0.0,0.0,0.0,0.0,0.0,-6.0,0.0
TABoult,INT,MI,2017-2021,23.0,6.0,5,16.0,8,16,16,100.0,0.0,0.0,0.0,2.0,0.0,18.0,3.0
AFMilne,INT,MI,2016-2018,6.0,2.0,2,2.0,2*,0,2,100.0,0.0,0.0,0.0,0.0,0.0,2.0,1.0
NMCoulter-Nile,INT,MI,2016-2019,15.0,9.0,2,100.0,34,14.28,79,126.58,0.0,0.0,1.0,9.0,5.0,117.0,13.0
PPChawla,IND,MI,0,0.0,0.0,0,0.0,0,0,0,0.0,0.0,0.0,0.0,0.0,0.0,0.0,0.0
JDSNeesham,INT,MI,2017-2021,16.0,12.0,4,222.0,48*,27.75,130,170.76,0.0,0.0,1.0,16.0,16.0,274.0,22.833333333333332
YudhvirCharak,IND,MI,0,0.0,0.0,0,0.0,0,0,0,0.0,0.0,0.0,0.0,0.0,0.0,0.0,0.0
MarcoJansen,INT,MI,0,0.0,0.0,0,0.0,0,0,0,0.0,0.0,0.0,0.0,0.0,0.0,0.0,0.0
ArjunTendulkar,IND,MI,0,0.0,0.0,0,0.0,0,0,0,0.0,0.0,0.0,0.0,0.0,0.0,0.0,0.0
KLRahul,IND,KXIP,2016-2021,48.0,44.0,6,1543.0,110*,40.6,1078,143.13,2.0,12.0,4.0,136.0,63.0,1927.0,43.79545454545455
ArshdeepSingh,IND,KXIP,0,0.0,0.0,0,0.0,0,0,0,0.0,0.0,0.0,0.0,0.0,0.0,0.0,0.0
CHGayle,INT,KXIP,2016-2021,15.0,13.0,0,150.0,40,11.53,142,105.63,0.0,0.0,2.0,14.0,8.0,176.0,13.538461538461538
CJJordan,INT,KXIP,2016-2021,46.0,24.0,13,151.0,36,13.72,115,131.3,0.0,0.0,2.0,10.0,7.0,173.0,7.208333333333333
DarshanNalkande,IND,KXIP,0,0.0,0.0,0,0.0,0,0,0,0.0,0.0,0.0,0.0,0.0,0.0,0.0,0.0
DJHooda,IND,KXIP,0,0.0,0.0,0,0.0,0,0,0,0.0,0.0,0.0,0.0,0.0,0.0,0.0,0.0
HarpreetBrar,IND,KXIP,0,0.0,0.0,0,0.0,0,0,0,0.0,0.0,0.0,0.0,0.0,0.0,0.0,0.0
IshanPorel,IND,KXIP,0,0.0,0.0,0,0.0,0,0,0,0.0,0.0,0.0,0.0,0.0,0.0,0.0,0.0
MandeepSingh,IND,KXIP,2016-2016,3.0,3.0,1,87.0,52*,43.5,73,119.17,0.0,1.0,0.0,11.0,1.0,108.0,36.0
MAAgarwal,IND,KXIP,0,0.0,0.0,0,0.0,0,0,0,0.0,0.0,0.0,0.0,0.0,0.0,0.0,0.0
MohammedShami,IND,KXIP,2016-2020,8.0,0.0,0,0.0,0,0,0,0.0,0.0,0.0,0.0,0.0,0.0,-6.0,0.0
MAshwin,IND,KXIP,0,0.0,0.0,0,0.0,0,0,0,0.0,0.0,0.0,0.0,0.0,0.0,0.0,0.0
NPooran,INT,KXIP,2016-2021,27.0,24.0,4,392.0,58,19.6,323,121.36,0.0,2.0,2.0,29.0,21.0,475.0,19.791666666666668
PrabhsimranSingh,IND,KXIP,0,0.0,0.0,0,0.0,0,0,0,0.0,0.0,0.0,0.0,0.0,0.0,0.0,0.0
RBishnoi,IND,KXIP,0,0.0,0.0,0,0.0,0,0,0,0.0,0.0,0.0,0.0,0.0,0.0,0.0,0.0
SarfarazKhan,IND,KXIP,0,0.0,0.0,0,0.0,0,0,0,0.0,0.0,0.0,0.0,0.0,0.0,0.0,0.0
DawidMalan,INT,KXIP,0,0.0,0.0,0,0.0,0,0,0,0.0,0.0,0.0,0.0,0.0,0.0,0.0,0.0
JhyeRichardson,INT,KXIP,0,0.0,0.0,0,0.0,0,0,0,0.0,0.0,0.0,0.0,0.0,0.0,0.0,0.0
ShahrukhKhan,IND,KXIP,0,0.0,0.0,0,0.0,0,0,0,0.0,0.0,0.0,0.0,0.0,0.0,0.0,0.0
RileyMeredith,INT,KXIP,0,0.0,0.0,0,0.0,0,0,0,0.0,0.0,0.0,0.0,0.0,0.0,0.0,0.0
MCHenriques,INT,KXIP,2016-2020,10.0,9.0,4,207.0,62*,41.4,148,139.86,0.0,2.0,0.0,9.0,9.0,252.0,28.0
JalajSaxena,IND,KXIP,0,0.0,0.0,0,0.0,0,0,0,0.0,0.0,0.0,0.0,0.0,0.0,0.0,0.0
UtkarshSingh,IND,KXIP,0,0.0,0.0,0,0.0,0,0,0,0.0,0.0,0.0,0.0,0.0,0.0,0.0,0.0
FabianAllen,INT,KXIP,0,0.0,0.0,0,0.0,0,0,0,0.0,0.0,0.0,0.0,0.0,0.0,0.0,0.0
SaurabhKumar,IND,KXIP,0,0.0,0.0,0,0.0,0,0,0,0.0,0.0,0.0,0.0,0.0,0.0,0.0,0.0
EJGMorgan,INT,KKR,2016-2021,43.0,39.0,7,946.0,91,29.56,644,146.89,0.0,7.0,2.0,66.0,54.0,1174.0,30.102564102564102
ADRussell,INT,KKR,2016-2020,13.0,13.0,5,305.0,47,38.12,165,184.84,0.0,0.0,0.0,14.0,32.0,389.0,29.923076923076923
KDKarthik,IND,KKR,2017-2019,23.0,18.0,12,299.0,48,49.83,190,157.36,0.0,0.0,1.0,28.0,14.0,357.0,19.833333333333332
KLNagarkoti,IND,KKR,0,0.0,0.0,0,0.0,0,0,0,0.0,0.0,0.0,0.0,0.0,0.0,0.0,0.0
KuldeepYadav,IND,KKR,2017-2020,21.0,2.0,1,20.0,16,20,20,100.0,0.0,0.0,0.0,2.0,0.0,22.0,11.0
LHFerguson,INT,KKR,2017-2020,11.0,1.0,0,1.0,1,1,3,33.33,0.0,0.0,0.0,0.0,0.0,-5.0,-5.0
NRana,IND,KKR,0,0.0,0.0,0,0.0,0,0,0,0.0,0.0,0.0,0.0,0.0,0.0,0.0,0.0
PJCummins,INT,KKR,2017-2020,15.0,5.0,4,23.0,13*,23,11,209.09,0.0,0.0,0.0,2.0,1.0,33.0,6.6
MPrasidhKrishna,IND,KKR,0,0.0,0.0,0,0.0,0,0,0,0.0,0.0,0.0,0.0,0.0,0.0,0.0,0.0
RATripathi,IND,KKR,0,0.0,0.0,0,0.0,0,0,0,0.0,0.0,0.0,0.0,0.0,0.0,0.0,0.0
SSandeepWarrier,IND,KKR,0,0.0,0.0,0,0.0,0,0,0,0.0,0.0,0.0,0.0,0.0,0.0,0.0,0.0
RinkuSingh,IND,KKR,0,0.0,0.0,0,0.0,0,0,0,0.0,0.0,0.0,0.0,0.0,0.0,0.0,0.0
ShivamMavi,IND,KKR,0,0.0,0.0,0,0.0,0,0,0,0.0,0.0,0.0,0.0,0.0,0.0,0.0,0.0
ShubmanGill,IND,KKR,0,0.0,0.0,0,0.0,0,0,0,0.0,0.0,0.0,0.0,0.0,0.0,0.0,0.0
SPNarine,INT,KKR,2016-2019,17.0,10.0,1,69.0,30,7.66,74,93.24,0.0,0.0,0.0,6.0,2.0,79.0,7.9
TimSeifert,INT,KKR,0,0.0,0.0,0,0.0,0,0,0,0.0,0.0,0.0,0.0,0.0,0.0,0.0,0.0
CVVarun,IND,KKR,0,0.0,0.0,0,0.0,0,0,0,0.0,0.0,0.0,0.0,0.0,0.0,0.0,0.0
ShakibAlHasan,INT,KKR,2016-2019,25.0,25.0,2,521.0,70*,22.65,411,126.76,0.0,3.0,1.0,56.0,9.0,617.0,24.68
SPJackson,IND,KKR,0,0.0,0.0,0,0.0,0,0,0,0.0,0.0,0.0,0.0,0.0,0.0,0.0,0.0
VaibhavArora,IND,KKR,0,0.0,0.0,0,0.0,0,0,0,0.0,0.0,0.0,0.0,0.0,0.0,0.0,0.0
KKNair,IND,KKR,0,0.0,0.0,0,0.0,0,0,0,0.0,0.0,0.0,0.0,0.0,0.0,0.0,0.0
HarbhajanSingh,IND,KKR,0,0.0,0.0,0,0.0,0,0,0,0.0,0.0,0.0,0.0,0.0,0.0,0.0,0.0
BCJCutting,INT,KKR,2017-2017,3.0,2.0,1,5.0,5,5,4,125.0,0.0,0.0,0.0,1.0,0.0,6.0,3.0
VenkateshIyer,IND,KKR,0,0.0,0.0,0,0.0,0,0,0,0.0,0.0,0.0,0.0,0.0,0.0,0.0,0.0
PawanNegi,IND,KKR,0,0.0,0.0,0,0.0,0,0,0,0.0,0.0,0.0,0.0,0.0,0.0,0.0,0.0
SVSamson,IND,RR,2020-2020,6.0,6.0,0,64.0,23,10.66,46,139.13,0.0,0.0,0.0,2.0,4.0,76.0,12.666666666666666
AJTye,INT,RR,2017-2020,25.0,9.0,4,57.0,20,11.4,51,111.76,0.0,0.0,2.0,3.0,3.0,62.0,6.888888888888889
AnujRawat,IND,RR,0,0.0,0.0,0,0.0,0,0,0,0.0,0.0,0.0,0.0,0.0,0.0,0.0,0.0
BAStokes,INT,RR,2016-2021,20.0,16.0,3,281.0,47*,21.61,219,128.31,0.0,0.0,0.0,17.0,13.0,324.0,20.25
DAMiller,INT,RR,2016-2021,39.0,35.0,10,784.0,101*,31.36,535,146.54,1.0,2.0,0.0,52.0,41.0,952.0,27.2
JDUnadkat,IND,RR,2016-2018,10.0,0.0,0,0.0,0,0,0,0.0,0.0,0.0,0.0,0.0,0.0,-6.0,0.0
JCArcher,INT,RR,2019-2021,10.0,0.0,0,0.0,0,0,0,0.0,0.0,0.0,0.0,0.0,0.0,-6.0,0.0
JCButtler,INT,RR,2016-2021,34.0,32.0,6,984.0,83*,37.84,684,143.85,0.0,8.0,2.0,93.0,39.0,1217.0,38.03125
KartikTyagi,IND,RR,0,0.0,0.0,0,0.0,0,0,0,0.0,0.0,0.0,0.0,0.0,0.0,0.0,0.0
MKLomror,IND,RR,0,0.0,0.0,0,0.0,0,0,0,0.0,0.0,0.0,0.0,0.0,0.0,0.0,0.0
MVohra,IND,RR,0,0.0,0.0,0,0.0,0,0,0,0.0,0.0,0.0,0.0,0.0,0.0,0.0,0.0
MMarkande,IND,RR,2019-2019,1.0,0.0,0,0.0,0,0,0,0.0,0.0,0.0,0.0,0.0,0.0,-6.0,0.0
RTewatia,IND,RR,0,0.0,0.0,0,0.0,0,0,0,0.0,0.0,0.0,0.0,0.0,0.0,0.0,0.0
RParag,IND,RR,0,0.0,0.0,0,0.0,0,0,0,0.0,0.0,0.0,0.0,0.0,0.0,0.0,0.0
SGopal,IND,RR,0,0.0,0.0,0,0.0,0,0,0,0.0,0.0,0.0,0.0,0.0,0.0,0.0,0.0
YBKJaiswal,IND,RR,0,0.0,0.0,0,0.0,0,0,0,0.0,0.0,0.0,0.0,0.0,0.0,0.0,0.0
SDube,IND,RR,2019-2020,13.0,9.0,3,105.0,54,17.5,77,136.36,0.0,1.0,0.0,7.0,6.0,134.0,14.88888888888889
CHMorris,INT,RR,2016-2019,15.0,9.0,3,105.0,55*,17.5,80,131.25,0.0,1.0,2.0,10.0,4.0,129.0,14.333333333333334
MustafizurRahman,INT,RR,2016-2020,31.0,12.0,4,41.0,15,5.12,47,87.23,0.0,0.0,3.0,3.0,3.0,44.0,3.6666666666666665
ChetanSakariya,IND,RR,0,0.0,0.0,0,0.0,0,0,0,0.0,0.0,0.0,0.0,0.0,0.0,0.0,0.0
KCCariappa,IND,RR,0,0.0,0.0,0,0.0,0,0,0,0.0,0.0,0.0,0.0,0.0,0.0,0.0,0.0
LSLivingstone,INT,RR,2017-2017,2.0,2.0,0,16.0,16,8,19,84.21,0.0,0.0,1.0,1.0,0.0,15.0,7.5
KuldipYadav,IND,RR,0,0.0,0.0,0,0.0,0,0,0,0.0,0.0,0.0,0.0,0.0,0.0,0.0,0.0
ASingh,IND,RR,0,0.0,0.0,0,0.0,0,0,0,0.0,0.0,0.0,0.0,0.0,0.0,0.0,0.0
VKohli,IND,RCB,2016-2021,49.0,46.0,14,1687.0,94*,52.71,1160,145.43,0.0,14.0,3.0,132.0,61.0,2049.0,44.54347826086956
ABdeVilliers,INT,RCB,2016-2017,11.0,11.0,2,414.0,65*,46,261,158.62,0.0,3.0,0.0,29.0,21.0,513.0,46.63636363636363
AZampa,INT,RCB,2016-2021,39.0,6.0,4,31.0,13*,15.5,29,106.89,0.0,0.0,0.0,4.0,0.0,35.0,5.833333333333333
DevduttPadikkal,IND,RCB,0,0.0,0.0,0,0.0,0,0,0,0.0,0.0,0.0,0.0,0.0,0.0,0.0,0.0
KWRichardson,INT,RCB,2018-2021,23.0,4.0,2,7.0,5,3.5,8,87.5,0.0,0.0,1.0,0.0,0.0,5.0,1.25
MohammedSiraj,IND,RCB,2017-2018,3.0,0.0,0,0.0,0,0,0,0.0,0.0,0.0,0.0,0.0,0.0,-6.0,0.0
NASaini,IND,RCB,2019-2020,10.0,2.0,2,11.0,11*,0,10,110.0,0.0,0.0,0.0,2.0,0.0,13.0,6.5
PavanDeshpande,IND,RCB,0,0.0,0.0,0,0.0,0,0,0,0.0,0.0,0.0,0.0,0.0,0.0,0.0,0.0
ShahbazAhmed,IND,RCB,0,0.0,0.0,0,0.0,0,0,0,0.0,0.0,0.0,0.0,0.0,0.0,0.0,0.0
WashingtonSundar,IND,RCB,2017-2021,29.0,10.0,4,43.0,14*,7.16,30,143.33,0.0,0.0,3.0,3.0,3.0,48.0,4.8
YSChahal,IND,RCB,2016-2021,48.0,4.0,2,5.0,3*,2.5,11,45.45,0.0,0.0,0.0,0.0,0.0,-1.0,-0.25
DanielSams,IND,RCB,0,0.0,0.0,0,0.0,0,0,0,0.0,0.0,0.0,0.0,0.0,0.0,0.0,0.0
HVPatel,IND,RCB,0,0.0,0.0,0,0.0,0,0,0,0.0,0.0,0.0,0.0,0.0,0.0,0.0,0.0
GJMaxwell,INT,RCB,2016-2021,42.0,39.0,6,1278.0,145*,38.72,807,158.36,3.0,7.0,0.0,100.0,66.0,1618.0,41.48717948717949
SachinBaby,IND,RCB,0,0.0,0.0,0,0.0,0,0,0,0.0,0.0,0.0,0.0,0.0,0.0,0.0,0.0
RajatPatidar,IND,RCB,0,0.0,0.0,0,0.0,0,0,0,0.0,0.0,0.0,0.0,0.0,0.0,0.0,0.0
MohammedAzharuddeen,IND,RCB,0,0.0,0.0,0,0.0,0,0,0,0.0,0.0,0.0,0.0,0.0,0.0,0.0,0.0
KyleJamieson,INT,RCB,0,0.0,0.0,0,0.0,0,0,0,0.0,0.0,0.0,0.0,0.0,0.0,0.0,0.0
DTChristian,INT,RCB,2017-2017,1.0,1.0,0,9.0,9,9,13,69.23,0.0,0.0,0.0,0.0,0.0,7.0,7.0
SuyashPrabhudessai,IND,RCB,0,0.0,0.0,0,0.0,0,0,0,0.0,0.0,0.0,0.0,0.0,0.0,0.0,0.0
K.SBharat,IND,RCB,0,0.0,0.0,0,0.0,0,0,0,0.0,0.0,0.0,0.0,0.0,0.0,0.0,0.0
FinnAllen,INT,RCB,0,0.0,0.0,0,0.0,0,0,0,0.0,0.0,0.0,0.0,0.0,0.0,0.0,0.0
DAWarner,INT,SRH,2016-2020,24.0,24.0,6,670.0,100*,37.22,488,137.29,1.0,6.0,1.0,67.0,16.0,833.0,34.708333333333336
AbdulSamad,IND,SRH,0,0.0,0.0,0,0.0,0,0,0,0.0,0.0,0.0,0.0,0.0,0.0,0.0,0.0
AbhishekSharma,IND,SRH,0,0.0,0.0,0,0.0,0,0,0,0.0,0.0,0.0,0.0,0.0,0.0,0.0,0.0
BasilThampi,IND,SRH,0,0.0,0.0,0,0.0,0,0,0,0.0,0.0,0.0,0.0,0.0,0.0,0.0,0.0
BKumar,IND,SRH,2016-2021,32.0,5.0,3,8.0,3*,4,14,57.14,0.0,0.0,0.0,0.0,0.0,4.0,0.8
JasonHolder,INT,SRH,0,0.0,0.0,0,0.0,0,0,0,0.0,0.0,0.0,0.0,0.0,0.0,0.0,0.0
JonnyBairstow,INT,SRH,0,0.0,0.0,0,0.0,0,0,0,0.0,0.0,0.0,0.0,0.0,0.0,0.0,0.0
KSWilliamson,INT,SRH,2016-2021,36.0,36.0,3,953.0,95,28.87,766,124.41,0.0,8.0,2.0,80.0,31.0,1155.0,32.083333333333336
MKPandey,IND,SRH,2016-2020,37.0,31.0,17,690.0,79*,49.28,540,127.77,0.0,3.0,1.0,48.0,18.0,796.0,25.677419354838708
MRMarsh,INT,SRH,2016-2021,13.0,13.0,2,222.0,45,20.18,205,108.29,0.0,0.0,1.0,12.0,9.0,250.0,19.23076923076923
MohammadNabi,INT,SRH,2016-2021,37.0,34.0,7,765.0,89,28.33,497,153.92,0.0,3.0,1.0,48.0,50.0,939.0,27.61764705882353
PriyamGarg,IND,SRH,0,0.0,0.0,0,0.0,0,0,0,0.0,0.0,0.0,0.0,0.0,0.0,0.0,0.0
RashidKhan,INT,SRH,2016-2021,38.0,22.0,10,153.0,33,12.75,125,122.4,0.0,0.0,4.0,9.0,10.0,174.0,7.909090909090909
RashidKhan,INT,SRH,2019-2019,1.0,0.0,0,0.0,0,0,0,0.0,0.0,0.0,0.0,0.0,0.0,-6.0,0.0
SandeepSharma,IND,SRH,0,0.0,0.0,0,0.0,0,0,0,0.0,0.0,0.0,0.0,0.0,0.0,0.0,0.0
SNadeem,IND,SRH,0,0.0,0.0,0,0.0,0,0,0,0.0,0.0,0.0,0.0,0.0,0.0,0.0,0.0
SPGoswami,IND,SRH,0,0.0,0.0,0,0.0,0,0,0,0.0,0.0,0.0,0.0,0.0,0.0,0.0,0.0
SKaul,IND,SRH,2018-2019,3.0,0.0,0,0.0,0,0,0,0.0,0.0,0.0,0.0,0.0,0.0,-6.0,0.0
KhaleelAhmed,IND,SRH,0,0.0,0.0,0,0.0,0,0,0,0.0,0.0,0.0,0.0,0.0,0.0,0.0,0.0
TNatarajan,IND,SRH,2020-2020,3.0,0.0,0,0.0,0,0,0,0.0,0.0,0.0,0.0,0.0,0.0,-6.0,0.0
VShankar,IND,SRH,2018-2019,9.0,4.0,0,101.0,43,25.25,73,138.35,0.0,0.0,0.0,11.0,5.0,124.0,31.0
VRVSingh,IND,SRH,0,0.0,0.0,0,0.0,0,0,0,0.0,0.0,0.0,0.0,0.0,0.0,0.0,0.0
WPSaha,IND,SRH,0,0.0,0.0,0,0.0,0,0,0,0.0,0.0,0.0,0.0,0.0,0.0,0.0,0.0
JagadeeshaSuchith,IND,SRH,0,0.0,0.0,0,0.0,0,0,0,0.0,0.0,0.0,0.0,0.0,0.0,0.0,0.0
KMJadhav,IND,SRH,2016-2017,7.0,4.0,0,108.0,58,27,86,125.58,0.0,1.0,0.0,11.0,3.0,133.0,33.25
MujeebUrRahman,INT,SRH,2018-2020,19.0,3.0,3,8.0,8*,0,8,100.0,0.0,0.0,0.0,1.0,0.0,9.0,3.0
