Player_name,NATIONALITY,team_name,international_matches,ipl_matches_older,ipl_matches_New,international_Inns,ipl_Inns_older,ipl_Inns_New,international_Runs,ipl_Runs_older,ipl_Runs_New,international_HS,ipl_HS_older,ipl_HS_New,international_Ave,ipl_Ave_older,ipl_Ave_New,international_BF,ipl_BF_older,ipl_BF_New,international_SR,ipl_SR_older,ipl_SR_New,international_Century,ipl_Century_older,ipl_Century_New,international_fifty,ipl_fifty_older,ipl_fifty_New,international_ducks,ipl_ducks_older,ipl_ducks_New,international_fours,ipl_fours_older,ipl_fours_New,international_sixes,ipl_sixes_older,ipl_sixes_New,international_dream_11_points,ipl_dream_11_points_older,ipl_dream_11_points_New,international_consistency,ipl_consistency_older,ipl_consistency_New,dream_11_points_final_points
KLRahul,IND,KXIP,48.0,39.0,42.0,44.0,30.0,42.0,1543.0,725.0,1922.0,110*,170.0,0.0,40.6,103.25999999999999,0.0,1078,577.0,1372.0,143.13,485.39,423.13,2.0,0.0,2.0,12.0,4.0,17.0,4.0,1.0,0.0,136.0,61.0,173.0,63.0,24.0,80.0,1927.0,866.0,2429.0,43.8,28.87,57.83,47.54
DAWarner,INT,SRH,24.0,114.0,28.0,24.0,114.0,28.0,670.0,4014.0,1240.0,100*,821.0,0.0,37.22,354.57000000000005,0.0,488,2824.0,888.0,137.29,1270.1100000000001,278.5,1.0,3.0,1.0,6.0,36.0,12.0,1.0,7.0,0.0,67.0,401.0,109.0,16.0,160.0,35.0,833.0,5075.0,1535.0,34.71,44.52,54.82,46.62
ABdeVilliers,INT,RCB,11.0,129.0,40.0,11.0,118.0,38.0,414.0,3473.0,1376.0,65*,809.0,0.0,46,359.40999999999997,0.0,261,2344.0,848.0,158.62,1410.07,487.28,0.0,3.0,0.0,3.0,22.0,16.0,0.0,8.0,1.0,29.0,287.0,103.0,21.0,156.0,79.0,513.0,4306.0,1777.0,46.64,36.49,46.76,44.57
RDGaikwad,IND,CSK,0.0,0.0,6.0,0.0,0.0,6.0,0.0,0.0,204.0,0,0.0,0.0,0,0.0,0.0,0,0.0,169.0,0.0,0.0,120.71,0.0,0.0,0.0,0.0,0.0,3.0,0.0,0.0,2.0,0.0,0.0,16.0,0.0,0.0,6.0,0.0,0.0,252.0,0.0,0.0,42.0,42.0
VKohli,IND,RCB,49.0,149.0,43.0,46.0,141.0,43.0,1687.0,4418.0,1460.0,94*,721.0,0.0,52.71,370.34,0.0,1160,3403.0,1093.0,145.43,1260.8499999999997,401.90999999999997,0.0,4.0,1.0,14.0,30.0,9.0,3.0,6.0,0.0,132.0,382.0,121.0,61.0,159.0,42.0,2049.0,5420.0,1757.0,44.54,38.44,40.86,41.46
JCButtler,INT,RR,34.0,24.0,34.0,32.0,24.0,33.0,984.0,527.0,1187.0,83*,118.0,0.0,37.84,50.379999999999995,0.0,684,361.0,785.0,143.85,292.25,451.43,0.0,0.0,0.0,8.0,1.0,10.0,2.0,1.0,0.0,93.0,50.0,117.0,39.0,26.0,51.0,1217.0,641.0,1496.0,38.03,26.71,45.33,39.23
SDhawan,IND,DC,46.0,127.0,49.0,44.0,126.0,49.0,1299.0,3561.0,1636.0,92,675.0,0.0,30.2,311.23,0.0,995,2922.0,1174.0,130.55,1183.81,417.30999999999995,0.0,0.0,2.0,9.0,28.0,13.0,0.0,4.0,6.0,137.0,401.0,190.0,39.0,71.0,37.0,1588.0,4320.0,2030.0,36.09,34.29,41.43,38.33
QdeKock,INT,MI,22.0,26.0,40.0,22.0,26.0,40.0,714.0,726.0,1233.0,79*,229.0,0.0,34,101.59,0.0,483,549.0,918.0,147.82,452.21,397.48,0.0,1.0,0.0,6.0,5.0,9.0,1.0,1.0,2.0,65.0,90.0,111.0,36.0,21.0,55.0,899.0,912.0,1526.0,40.86,35.08,38.15,38.32
CHGayle,INT,KXIP,15.0,101.0,31.0,13.0,100.0,31.0,150.0,3626.0,1146.0,40,858.0,0.0,11.53,356.16999999999996,0.0,142,2398.0,781.0,105.63,1306.41,436.77,0.0,5.0,1.0,0.0,21.0,10.0,2.0,6.0,1.0,14.0,293.0,90.0,8.0,265.0,84.0,176.0,4709.0,1506.0,13.54,47.09,48.58,37.75
FduPlessis,INT,CSK,19.0,53.0,31.0,19.0,46.0,31.0,533.0,1295.0,1007.0,78,259.0,0.0,29.61,132.26,0.0,400,1012.0,769.0,133.25,626.29,389.69,0.0,0.0,0.0,3.0,8.0,8.0,0.0,2.0,1.0,50.0,110.0,95.0,20.0,38.0,35.0,649.0,1543.0,1236.0,34.16,33.54,39.87,36.83
KSWilliamson,INT,SRH,36.0,15.0,38.0,36.0,15.0,37.0,953.0,411.0,1208.0,95,165.0,0.0,28.87,94.32,0.0,766,318.0,883.0,124.41,367.90999999999997,396.19,0.0,0.0,0.0,8.0,3.0,12.0,2.0,0.0,1.0,80.0,35.0,101.0,31.0,11.0,43.0,1155.0,496.0,1493.0,32.08,33.07,40.35,36.34
IshanKishan,IND,MI,2.0,16.0,35.0,2.0,15.0,31.0,60.0,319.0,892.0,56,88.0,0.0,30,36.1,0.0,41,247.0,638.0,146.34,236.89000000000001,396.21,0.0,0.0,0.0,1.0,1.0,6.0,0.0,1.0,4.0,5.0,34.0,66.0,4.0,13.0,51.0,83.0,387.0,1104.0,41.5,25.8,35.61,35.32
CALynn,INT,MI,13.0,12.0,29.0,12.0,12.0,29.0,226.0,384.0,896.0,44,159.0,0.0,18.83,109.16,0.0,173,243.0,667.0,130.63,479.63,269.88,0.0,0.0,0.0,0.0,3.0,7.0,1.0,0.0,3.0,25.0,31.0,97.0,10.0,23.0,40.0,271.0,489.0,1121.0,22.58,40.75,38.66,34.27
RGSharma,IND,MI,53.0,159.0,41.0,52.0,154.0,41.0,1579.0,4207.0,1023.0,118,785.0,0.0,32.89,329.21000000000004,0.0,1072,3214.0,790.0,147.29,1308.7800000000002,389.28000000000003,3.0,1.0,0.0,11.0,32.0,7.0,3.0,9.0,4.0,138.0,354.0,104.0,85.0,172.0,41.0,2019.0,5169.0,1259.0,38.83,33.56,30.71,33.74
RRPant,IND,DC,31.0,24.0,44.0,28.0,24.0,44.0,482.0,564.0,1515.0,65*,166.0,0.0,20.95,50.89,0.0,393,373.0,995.0,122.64,295.87,450.21,0.0,0.0,1.0,2.0,3.0,9.0,3.0,3.0,1.0,35.0,47.0,136.0,21.0,30.0,73.0,569.0,695.0,1893.0,20.32,28.96,43.02,33.26
NRana,IND,KKR,0.0,17.0,43.0,0.0,15.0,40.0,0.0,437.0,1000.0,0,132.0,0.0,0,64.92999999999999,0.0,0,339.0,721.0,0.0,264.78999999999996,415.99,0.0,0.0,0.0,0.0,4.0,7.0,0.0,0.0,4.0,0.0,31.0,96.0,0.0,25.0,47.0,0.0,552.0,1244.0,0.0,36.8,31.1,32.81
SAYadav,IND,MI,1.0,55.0,46.0,0.0,42.0,44.0,0.0,608.0,1416.0,0,171.0,0.0,0,93.74,0.0,0,465.0,1039.0,0.0,525.6800000000001,409.20000000000005,0.0,0.0,0.0,0.0,1.0,10.0,0.0,2.0,3.0,0.0,54.0,167.0,0.0,21.0,37.0,-6.0,706.0,1737.0,0.0,16.81,39.48,32.68
SPDSmith,INT,DC,19.0,69.0,26.0,16.0,62.0,24.0,446.0,1703.0,630.0,80*,400.0,0.0,37.16,227.68,0.0,330,1293.0,512.0,135.15,797.59,247.22,0.0,1.0,0.0,3.0,5.0,6.0,0.0,1.0,0.0,40.0,150.0,62.0,11.0,45.0,13.0,534.0,2007.0,768.0,33.38,32.37,32.0,32.49
SKRaina,IND,CSK,20.0,161.0,32.0,17.0,157.0,32.0,442.0,4540.0,828.0,69,790.0,0.0,26,349.75,0.0,316,3265.0,650.0,139.87,1387.19,254.41,0.0,1.0,0.0,2.0,31.0,7.0,2.0,7.0,1.0,37.0,402.0,91.0,19.0,173.0,21.0,531.0,5556.0,1011.0,31.24,35.39,31.59,32.28
ADRussell,INT,KKR,13.0,34.0,40.0,13.0,25.0,36.0,305.0,574.0,943.0,47,144.0,0.0,38.12,93.07,0.0,165,331.0,501.0,184.84,642.1299999999999,534.04,0.0,0.0,0.0,0.0,3.0,5.0,0.0,0.0,2.0,14.0,48.0,57.0,32.0,37.0,92.0,389.0,730.0,1234.0,29.92,29.2,34.28,31.91
EJGMorgan,INT,KKR,43.0,52.0,14.0,39.0,45.0,14.0,946.0,854.0,418.0,91,274.0,0.0,29.56,119.0,0.0,644,705.0,302.0,146.89,707.4699999999999,138.41,0.0,0.0,0.0,7.0,4.0,1.0,2.0,2.0,0.0,66.0,72.0,32.0,54.0,34.0,24.0,1174.0,1022.0,508.0,30.1,22.71,36.29,31.58
SSIyer,IND,DC,27.0,32.0,47.0,25.0,32.0,47.0,513.0,807.0,1393.0,67,198.0,0.0,28.5,72.56,0.0,393,628.0,1117.0,130.53,337.21000000000004,375.79,0.0,0.0,0.0,3.0,6.0,10.0,2.0,5.0,0.0,39.0,79.0,110.0,21.0,32.0,51.0,616.0,988.0,1687.0,24.64,30.88,35.89,31.46
MSDhoni,IND,CSK,34.0,159.0,45.0,29.0,143.0,39.0,635.0,3561.0,1071.0,56,612.0,0.0,45.35,402.19,0.0,468,2604.0,783.0,135.68,1369.35,401.54999999999995,0.0,0.0,0.0,2.0,17.0,6.0,0.0,3.0,0.0,50.0,251.0,62.0,21.0,156.0,60.0,745.0,4270.0,1307.0,25.69,29.86,33.51,30.4
ShubmanGill,IND,KKR,0.0,0.0,41.0,0.0,0.0,38.0,0.0,0.0,939.0,0,0.0,0.0,0,0.0,0.0,0,0.0,750.0,0.0,0.0,388.35999999999996,0.0,0.0,0.0,0.0,0.0,7.0,0.0,0.0,0.0,0.0,0.0,87.0,0.0,0.0,24.0,0.0,0.0,1132.0,0.0,0.0,29.79,29.79
MKPandey,IND,SRH,37.0,103.0,43.0,31.0,96.0,39.0,690.0,2215.0,1053.0,79*,631.0,0.0,49.28,308.45,0.0,540,1844.0,842.0,127.77,1125.4799999999998,373.85,0.0,1.0,0.0,3.0,9.0,9.0,1.0,11.0,1.0,48.0,197.0,91.0,18.0,64.0,29.0,796.0,2604.0,1274.0,25.68,27.12,32.67,29.41
ATRayudu,IND,CSK,3.0,114.0,45.0,2.0,107.0,44.0,39.0,2416.0,1243.0,20,485.0,0.0,19.5,217.07,0.0,42,1915.0,987.0,92.85,1012.58,370.11,0.0,0.0,1.0,0.0,14.0,5.0,0.0,9.0,3.0,5.0,205.0,103.0,0.0,79.0,53.0,44.0,2879.0,1504.0,22.0,26.91,34.18,29.0
NPooran,INT,KXIP,27.0,0.0,21.0,24.0,0.0,20.0,392.0,0.0,521.0,58,0.0,0.0,19.6,0.0,0.0,323,0.0,315.0,121.36,0.0,326.71000000000004,0.0,0.0,0.0,2.0,0.0,2.0,2.0,0.0,1.0,29.0,0.0,32.0,21.0,0.0,39.0,475.0,0.0,653.0,19.79,0.0,32.65,28.79
MAAgarwal,IND,KXIP,0.0,53.0,35.0,0.0,48.0,35.0,0.0,814.0,876.0,0,263.0,0.0,0,109.68,0.0,0,660.0,599.0,0.0,818.95,425.97999999999996,0.0,0.0,1.0,0.0,3.0,4.0,0.0,3.0,2.0,0.0,82.0,79.0,0.0,33.0,34.0,0.0,982.0,1073.0,0.0,20.46,30.66,27.6
RVUthappa,IND,CSK,0.0,149.0,40.0,0.0,143.0,39.0,0.0,3778.0,829.0,0,693.0,0.0,0,293.55999999999995,0.0,0,2870.0,674.0,0.0,1321.15,367.06,0.0,0.0,0.0,0.0,22.0,2.0,0.0,6.0,1.0,0.0,377.0,77.0,0.0,125.0,38.0,0.0,4585.0,998.0,0.0,32.06,25.59,27.53
AMRahane,IND,DC,3.0,111.0,38.0,3.0,105.0,35.0,51.0,3057.0,876.0,40,586.0,0.0,25.5,267.28,0.0,46,2535.0,705.0,110.86,991.05,361.69999999999993,0.0,1.0,1.0,0.0,25.0,3.0,0.0,10.0,3.0,3.0,320.0,96.0,0.0,60.0,16.0,54.0,3689.0,1040.0,18.0,35.13,29.71,27.34
RATripathi,IND,KKR,0.0,14.0,31.0,0.0,14.0,30.0,0.0,391.0,597.0,0,93.0,0.0,0,27.92,0.0,0,267.0,466.0,0.0,146.44,381.88,0.0,0.0,0.0,0.0,2.0,3.0,0.0,1.0,0.0,0.0,43.0,52.0,0.0,17.0,20.0,0.0,484.0,715.0,0.0,34.57,23.83,27.05
PPShaw,IND,DC,0.0,0.0,38.0,0.0,0.0,38.0,0.0,0.0,826.0,0,0.0,0.0,0,0.0,0.0,0,0.0,591.0,0.0,0.0,423.35,0.0,0.0,0.0,0.0,0.0,6.0,0.0,0.0,4.0,0.0,0.0,99.0,0.0,0.0,27.0,0.0,0.0,1027.0,0.0,0.0,27.03,27.03
SVSamson,IND,RR,6.0,66.0,41.0,6.0,62.0,41.0,64.0,1426.0,1158.0,23,375.0,0.0,10.66,126.24000000000001,0.0,46,1146.0,786.0,139.13,618.79,445.39,0.0,1.0,1.0,0.0,7.0,6.0,0.0,4.0,4.0,2.0,112.0,79.0,4.0,57.0,58.0,76.0,1718.0,1417.0,12.67,27.71,34.56,26.55
KAPollard,INT,MI,34.0,123.0,41.0,26.0,113.0,34.0,613.0,2343.0,680.0,75*,472.0,0.0,27.86,231.48000000000002,0.0,463,1599.0,418.0,132.39,1164.69,481.15999999999997,0.0,0.0,0.0,3.0,12.0,3.0,1.0,2.0,2.0,27.0,157.0,39.0,49.0,147.0,51.0,762.0,2906.0,853.0,29.31,25.72,25.09,26.49
VShankar,IND,SRH,9.0,4.0,35.0,4.0,4.0,30.0,101.0,101.0,553.0,43,63.0,0.0,25.25,50.5,0.0,73,75.0,437.0,138.35,134.66,370.70000000000005,0.0,0.0,0.0,0.0,1.0,2.0,0.0,0.0,1.0,11.0,12.0,32.0,5.0,1.0,24.0,124.0,125.0,649.0,31.0,31.25,21.63,26.46
DAMiller,INT,RR,39.0,66.0,14.0,35.0,64.0,14.0,784.0,1563.0,287.0,101*,351.0,0.0,31.36,213.17999999999998,0.0,535,1105.0,228.0,146.54,805.24,245.49,1.0,1.0,0.0,2.0,8.0,1.0,0.0,1.0,1.0,52.0,104.0,22.0,41.0,78.0,9.0,952.0,1911.0,327.0,27.2,29.86,23.36,25.88
WPSaha,IND,SRH,0.0,104.0,20.0,0.0,80.0,19.0,0.0,1557.0,422.0,0,503.0,0.0,0,275.45,0.0,0,1191.0,308.0,0.0,1235.6499999999999,421.72,0.0,1.0,0.0,0.0,6.0,2.0,0.0,2.0,1.0,0.0,130.0,54.0,0.0,57.0,7.0,0.0,1865.0,510.0,0.0,23.31,26.84,25.78
KKNair,IND,KKR,0.0,55.0,18.0,0.0,50.0,16.0,0.0,1158.0,322.0,0,290.0,0.0,0,111.26,0.0,0,912.0,241.0,0.0,586.5899999999999,333.79999999999995,0.0,0.0,0.0,0.0,8.0,2.0,0.0,2.0,1.0,0.0,135.0,25.0,0.0,26.0,13.0,0.0,1407.0,389.0,0.0,28.14,24.31,25.46
BAStokes,INT,RR,20.0,12.0,30.0,16.0,11.0,30.0,281.0,316.0,604.0,47*,103.0,0.0,21.61,31.6,0.0,219,221.0,460.0,128.31,142.98,388.47,0.0,1.0,1.0,0.0,1.0,1.0,0.0,0.0,2.0,17.0,22.0,57.0,13.0,15.0,17.0,324.0,394.0,717.0,20.25,35.82,23.9,25.31
MandeepSingh,IND,KXIP,3.0,69.0,34.0,3.0,59.0,32.0,87.0,1112.0,547.0,52*,298.0,0.0,43.5,109.97,0.0,73,920.0,415.0,119.17,749.4,392.24,0.0,0.0,0.0,1.0,5.0,1.0,0.0,9.0,3.0,11.0,134.0,36.0,1.0,18.0,19.0,108.0,1302.0,627.0,36.0,22.07,19.59,25.04
GJMaxwell,INT,RCB,42.0,57.0,25.0,39.0,56.0,23.0,1278.0,1228.0,277.0,145*,279.0,0.0,38.72,122.56,0.0,807,747.0,226.0,158.36,822.61,242.71,3.0,0.0,0.0,7.0,6.0,0.0,0.0,9.0,1.0,100.0,95.0,23.0,66.0,82.0,9.0,1618.0,1529.0,318.0,41.49,27.3,13.83,24.95
KDKarthik,IND,KKR,23.0,152.0,44.0,18.0,134.0,43.0,299.0,2903.0,920.0,48,591.0,0.0,49.83,251.68000000000004,0.0,190,2305.0,644.0,157.36,1261.28,420.12,0.0,0.0,0.0,0.0,14.0,5.0,1.0,8.0,3.0,28.0,286.0,91.0,14.0,71.0,34.0,357.0,3433.0,1117.0,19.83,25.62,25.98,24.06
SSTiwary,IND,MI,0.0,81.0,7.0,0.0,65.0,5.0,0.0,1276.0,103.0,0,351.0,0.0,0,206.69,0.0,0,1067.0,80.0,0.0,1069.79,128.75,0.0,0.0,0.0,0.0,7.0,0.0,0.0,1.0,0.0,0.0,93.0,8.0,0.0,45.0,3.0,0.0,1517.0,117.0,0.0,23.34,23.4,23.38
HHPandya,IND,MI,34.0,37.0,43.0,24.0,33.0,41.0,361.0,406.0,943.0,42*,105.0,0.0,21.23,64.39,0.0,247,285.0,562.0,146.15,406.73,503.73,0.0,0.0,0.0,0.0,1.0,3.0,1.0,2.0,2.0,18.0,24.0,62.0,24.0,28.0,65.0,427.0,498.0,1169.0,17.79,15.09,28.51,22.48
MPStoinis,INT,DC,27.0,12.0,34.0,22.0,8.0,34.0,366.0,163.0,662.0,78,61.0,0.0,24.4,42.16,0.0,273,132.0,469.0,134.06,206.01,414.03,0.0,0.0,0.0,1.0,1.0,3.0,1.0,1.0,3.0,33.0,14.0,51.0,13.0,4.0,30.0,433.0,193.0,797.0,19.68,24.12,23.44,22.46
RParag,IND,RR,0.0,0.0,19.0,0.0,0.0,13.0,0.0,0.0,246.0,0,0.0,0.0,0,0.0,0.0,0,0.0,203.0,0.0,0.0,238.66000000000003,0.0,0.0,0.0,0.0,0.0,1.0,0.0,0.0,2.0,0.0,0.0,23.0,0.0,0.0,8.0,0.0,0.0,289.0,0.0,0.0,22.23,22.23
HarpreetBrar,IND,KXIP,0.0,0.0,3.0,0.0,0.0,1.0,0.0,0.0,20.0,0,0.0,0.0,0,0.0,0.0,0,0.0,12.0,0.0,0.0,166.66,0.0,0.0,0.0,0.0,0.0,0.0,0.0,0.0,0.0,0.0,0.0,2.0,0.0,0.0,1.0,0.0,0.0,22.0,0.0,0.0,22.0,22.0
MMAli,INT,CSK,21.0,0.0,19.0,18.0,0.0,17.0,255.0,0.0,309.0,61,0.0,0.0,23.18,0.0,0.0,177,0.0,195.0,144.06,0.0,407.79999999999995,0.0,0.0,0.0,1.0,0.0,3.0,1.0,0.0,1.0,19.0,0.0,21.0,14.0,0.0,23.0,310.0,0.0,406.0,17.22,0.0,23.88,21.88
KMJadhav,IND,SRH,7.0,64.0,23.0,4.0,57.0,18.0,108.0,893.0,248.0,58,287.0,0.0,27,128.71,0.0,86,662.0,257.0,125.58,893.86,298.87,0.0,0.0,0.0,1.0,3.0,1.0,0.0,5.0,1.0,11.0,72.0,27.0,3.0,33.0,5.0,133.0,1055.0,291.0,33.25,18.51,16.17,21.78
ShakibAlHasan,INT,KKR,25.0,43.0,20.0,25.0,32.0,14.0,521.0,498.0,248.0,70*,218.0,0.0,22.65,96.88,0.0,411,382.0,207.0,126.76,744.99,211.31,0.0,0.0,0.0,3.0,2.0,0.0,1.0,2.0,0.0,56.0,44.0,26.0,9.0,15.0,5.0,617.0,590.0,278.0,24.68,18.44,19.86,21.01
SOHetmyer,INT,DC,27.0,0.0,17.0,23.0,0.0,16.0,379.0,0.0,275.0,56,0.0,0.0,18.95,0.0,0.0,324,0.0,198.0,116.97,0.0,271.28,0.0,0.0,0.0,1.0,0.0,1.0,3.0,0.0,1.0,24.0,0.0,15.0,20.0,0.0,19.0,445.0,0.0,336.0,19.35,0.0,21.0,20.5
RTewatia,IND,RR,0.0,6.0,27.0,0.0,3.0,20.0,0.0,35.0,331.0,0,31.0,0.0,0,35.0,0.0,0,24.0,248.0,0.0,295.78999999999996,373.78999999999996,0.0,0.0,0.0,0.0,0.0,1.0,0.0,0.0,0.0,0.0,4.0,20.0,0.0,1.0,19.0,0.0,47.0,399.0,0.0,15.67,19.95,18.66
MVohra,IND,RR,0.0,45.0,4.0,0.0,41.0,4.0,0.0,957.0,55.0,0,295.0,0.0,0,120.77000000000001,0.0,0,721.0,47.0,0.0,644.8000000000001,117.02,0.0,0.0,0.0,0.0,3.0,0.0,0.0,2.0,1.0,0.0,95.0,2.0,0.0,35.0,4.0,0.0,1148.0,57.0,0.0,28.0,14.25,18.38
KHPandya,IND,MI,18.0,25.0,46.0,9.0,20.0,40.0,121.0,480.0,520.0,26*,133.0,0.0,24.2,74.21000000000001,0.0,92,303.0,399.0,131.52,326.87,385.69000000000005,0.0,0.0,0.0,0.0,1.0,0.0,0.0,0.0,2.0,8.0,46.0,49.0,6.0,20.0,20.0,143.0,582.0,607.0,15.89,29.1,15.18,18.31
RAJadeja,IND,CSK,17.0,138.0,46.0,8.0,109.0,30.0,126.0,1732.0,427.0,44*,335.0,0.0,42,227.32999999999998,0.0,85,1409.0,297.0,148.23,1126.65,412.57,0.0,0.0,0.0,0.0,0.0,1.0,0.0,6.0,0.0,8.0,125.0,32.0,5.0,57.0,19.0,146.0,1967.0,511.0,18.25,18.05,17.03,17.61
NJagadeesan,IND,CSK,0.0,0.0,5.0,0.0,0.0,2.0,0.0,0.0,33.0,0,0.0,0.0,0,0.0,0.0,0,0.0,29.0,0.0,0.0,113.79,0.0,0.0,0.0,0.0,0.0,0.0,0.0,0.0,1.0,0.0,0.0,4.0,0.0,0.0,0.0,0.0,0.0,35.0,0.0,0.0,17.5,17.5
MKLomror,IND,RR,0.0,0.0,7.0,0.0,0.0,6.0,0.0,0.0,87.0,0,0.0,0.0,0,0.0,0.0,0,0.0,78.0,0.0,0.0,471.14000000000004,0.0,0.0,0.0,0.0,0.0,0.0,0.0,0.0,0.0,0.0,0.0,5.0,0.0,0.0,3.0,0.0,0.0,104.0,0.0,0.0,17.33,17.33
SWBillings,INT,DC,24.0,11.0,11.0,21.0,10.0,9.0,292.0,226.0,108.0,87,109.0,0.0,17.17,45.0,0.0,227,168.0,82.0,128.63,270.19,138.46,0.0,0.0,0.0,1.0,2.0,1.0,1.0,1.0,2.0,28.0,23.0,8.0,8.0,5.0,5.0,342.0,277.0,120.0,16.29,27.7,13.33,17.24
AbdulSamad,IND,SRH,0.0,0.0,12.0,0.0,0.0,8.0,0.0,0.0,111.0,0,0.0,0.0,0,0.0,0.0,0,0.0,65.0,0.0,0.0,170.76,0.0,0.0,0.0,0.0,0.0,0.0,0.0,0.0,0.0,0.0,0.0,8.0,0.0,0.0,6.0,0.0,0.0,137.0,0.0,0.0,17.12,17.12
MohammadNabi,INT,SRH,37.0,3.0,11.0,34.0,1.0,10.0,765.0,2.0,144.0,89,2.0,0.0,28.33,2.0,0.0,497,3.0,96.0,153.92,66.66,438.81,0.0,0.0,0.0,3.0,0.0,0.0,1.0,0.0,0.0,48.0,0.0,13.0,50.0,0.0,7.0,939.0,0.0,179.0,27.62,0.0,17.9,17.06
LSLivingstone,INT,RR,2.0,0.0,4.0,2.0,0.0,4.0,16.0,0.0,70.0,16,0.0,0.0,8,0.0,0.0,19,0.0,48.0,84.21,0.0,145.83,0.0,0.0,0.0,0.0,0.0,0.0,1.0,0.0,0.0,1.0,0.0,6.0,0.0,0.0,5.0,15.0,0.0,82.0,7.5,0.0,20.5,16.6
SMCurran,INT,CSK,11.0,0.0,23.0,6.0,0.0,19.0,49.0,0.0,281.0,24,0.0,0.0,12.25,0.0,0.0,36,0.0,196.0,136.11,0.0,304.63,0.0,0.0,0.0,0.0,0.0,2.0,0.0,0.0,3.0,4.0,0.0,25.0,3.0,0.0,15.0,61.0,0.0,354.0,10.17,0.0,18.63,16.09
SPNarine,INT,KKR,17.0,82.0,38.0,10.0,32.0,34.0,69.0,271.0,621.0,30,86.0,0.0,7.66,45.230000000000004,0.0,74,184.0,359.0,93.24,536.65,498.51,0.0,0.0,0.0,0.0,1.0,3.0,0.0,4.0,2.0,6.0,36.0,67.0,2.0,12.0,40.0,79.0,327.0,800.0,7.9,10.22,23.53,16.05
SDube,IND,RR,13.0,0.0,15.0,9.0,0.0,13.0,105.0,0.0,169.0,54,0.0,0.0,17.5,0.0,0.0,77,0.0,138.0,136.36,0.0,244.06,0.0,0.0,0.0,1.0,0.0,0.0,0.0,0.0,0.0,7.0,0.0,6.0,6.0,0.0,12.0,134.0,0.0,199.0,14.89,0.0,15.31,15.18
DJBravo,INT,CSK,18.0,106.0,34.0,12.0,83.0,21.0,164.0,1262.0,228.0,55,326.0,0.0,16.4,172.14000000000001,0.0,177,999.0,163.0,92.65,1312.45,392.80999999999995,0.0,0.0,0.0,1.0,4.0,1.0,1.0,2.0,2.0,10.0,103.0,14.0,6.0,48.0,13.0,192.0,1507.0,276.0,16.0,18.16,13.14,15.05
MJSantner,INT,CSK,46.0,0.0,6.0,33.0,0.0,2.0,306.0,0.0,32.0,37,0.0,0.0,16.1,0.0,0.0,227,0.0,23.0,134.8,0.0,139.13,0.0,0.0,0.0,0.0,0.0,0.0,3.0,0.0,0.0,22.0,0.0,0.0,11.0,0.0,3.0,346.0,0.0,34.0,10.48,0.0,17.0,15.05
YBKJaiswal,IND,RR,0.0,0.0,3.0,0.0,0.0,3.0,0.0,0.0,40.0,0,0.0,0.0,0,0.0,0.0,0,0.0,44.0,0.0,0.0,90.9,0.0,0.0,0.0,0.0,0.0,0.0,0.0,0.0,1.0,0.0,0.0,2.0,0.0,0.0,2.0,0.0,0.0,44.0,0.0,0.0,14.67,14.67
DJHooda,IND,KXIP,0.0,41.0,27.0,0.0,30.0,20.0,0.0,373.0,252.0,0,107.0,0.0,0,53.05,0.0,0,268.0,215.0,0.0,427.94,351.23,0.0,0.0,0.0,0.0,1.0,1.0,0.0,0.0,2.0,0.0,20.0,12.0,0.0,20.0,9.0,0.0,447.0,288.0,0.0,14.9,14.4,14.55
JDSNeesham,INT,MI,16.0,4.0,5.0,12.0,3.0,3.0,222.0,42.0,19.0,48*,22.0,0.0,27.75,14.0,0.0,130,46.0,18.0,170.76,91.3,105.55,0.0,0.0,0.0,0.0,0.0,0.0,1.0,0.0,0.0,16.0,3.0,0.0,16.0,1.0,1.0,274.0,47.0,21.0,22.83,15.67,7.0,13.57
AbhishekSharma,IND,SRH,0.0,0.0,14.0,0.0,0.0,13.0,0.0,0.0,143.0,0,0.0,0.0,0,0.0,0.0,0,0.0,98.0,0.0,0.0,417.67999999999995,0.0,0.0,0.0,0.0,0.0,0.0,0.0,0.0,0.0,0.0,0.0,10.0,0.0,0.0,8.0,0.0,0.0,175.0,0.0,0.0,13.46,13.46
ARPatel,IND,DC,8.0,59.0,38.0,5.0,43.0,29.0,51.0,606.0,307.0,20*,162.0,0.0,25.5,77.42999999999999,0.0,27,473.0,242.0,188.88,505.98999999999995,378.58,0.0,0.0,0.0,0.0,0.0,0.0,0.0,4.0,1.0,3.0,34.0,19.0,3.0,28.0,15.0,66.0,692.0,356.0,13.2,16.09,12.28,13.35
MCHenriques,INT,KXIP,10.0,57.0,0.0,9.0,50.0,0.0,207.0,969.0,0.0,62*,254.0,0.0,41.4,178.07,0.0,148,756.0,0.0,139.86,898.9200000000001,0.0,0.0,0.0,0.0,2.0,5.0,0.0,0.0,2.0,0.0,9.0,87.0,0.0,9.0,27.0,0.0,252.0,1156.0,-6.0,28.0,23.12,0.0,13.26
TKCurran,INT,DC,28.0,0.0,10.0,11.0,0.0,8.0,54.0,0.0,106.0,14*,0.0,0.0,13.5,0.0,0.0,47,0.0,90.0,114.89,0.0,216.01,0.0,0.0,0.0,0.0,0.0,1.0,0.0,0.0,0.0,0.0,0.0,8.0,4.0,0.0,3.0,62.0,0.0,130.0,5.64,0.0,16.25,13.07
NMCoulter-Nile,INT,MI,15.0,26.0,7.0,9.0,12.0,2.0,100.0,52.0,25.0,34,28.0,0.0,14.28,18.66,0.0,79,50.0,15.0,126.58,442.04999999999995,166.66,0.0,0.0,0.0,0.0,0.0,0.0,1.0,0.0,0.0,9.0,3.0,4.0,5.0,4.0,0.0,117.0,57.0,33.0,13.0,4.75,16.5,12.98
BCJCutting,INT,KKR,3.0,9.0,12.0,2.0,8.0,9.0,5.0,124.0,114.0,5,67.0,0.0,5,66.0,0.0,4,66.0,75.0,125.0,520.65,271.39,0.0,0.0,0.0,0.0,0.0,0.0,0.0,1.0,0.0,1.0,9.0,6.0,0.0,10.0,9.0,6.0,165.0,136.0,3.0,20.62,15.11,12.64
CHMorris,INT,RR,15.0,48.0,22.0,9.0,29.0,15.0,105.0,439.0,112.0,55*,175.0,0.0,17.5,140.8,0.0,80,265.0,84.0,131.25,595.42,425.29999999999995,0.0,0.0,0.0,1.0,2.0,0.0,2.0,3.0,4.0,10.0,33.0,6.0,4.0,23.0,7.0,129.0,542.0,134.0,14.33,18.69,8.93,12.6
SPGoswami,IND,SRH,0.0,23.0,8.0,0.0,16.0,5.0,0.0,241.0,52.0,0,149.0,0.0,0,82.88,0.0,0,251.0,44.0,0.0,467.78000000000003,130.0,0.0,0.0,0.0,0.0,1.0,0.0,0.0,2.0,2.0,0.0,26.0,6.0,0.0,2.0,1.0,0.0,275.0,50.0,0.0,17.19,10.0,12.16
HVPatel,IND,RCB,0.0,35.0,12.0,0.0,14.0,6.0,0.0,47.0,81.0,0,25.0,0.0,0,17.8,0.0,0,34.0,59.0,0.0,444.0400000000001,269.31,0.0,0.0,0.0,0.0,0.0,0.0,0.0,3.0,1.0,0.0,2.0,3.0,0.0,3.0,6.0,0.0,53.0,94.0,0.0,3.79,15.67,12.1
PJCummins,INT,KKR,15.0,15.0,14.0,5.0,10.0,11.0,23.0,77.0,146.0,13*,24.0,0.0,23,15.4,0.0,11,55.0,114.0,209.09,145.28,128.07,0.0,0.0,0.0,0.0,0.0,1.0,0.0,1.0,0.0,2.0,5.0,9.0,1.0,4.0,8.0,33.0,84.0,179.0,6.6,8.4,16.27,11.72
LHFerguson,INT,KKR,11.0,4.0,5.0,1.0,1.0,2.0,1.0,1.0,43.0,1,1.0,0.0,1,0.0,0.0,3,1.0,29.0,33.33,100.0,148.27,0.0,0.0,0.0,0.0,0.0,0.0,0.0,0.0,0.0,0.0,0.0,4.0,0.0,0.0,1.0,-5.0,1.0,51.0,-5.0,1.0,25.5,11.21
JCArcher,INT,RR,10.0,0.0,35.0,0.0,0.0,23.0,0.0,0.0,195.0,0,0.0,0.0,0,0.0,0.0,0,0.0,124.0,0.0,0.0,418.28000000000003,0.0,0.0,0.0,0.0,0.0,0.0,0.0,0.0,3.0,0.0,0.0,11.0,0.0,0.0,14.0,-6.0,0.0,238.0,0.0,0.0,10.35,10.35
RAshwin,IND,DC,7.0,111.0,43.0,2.0,37.0,21.0,16.0,231.0,181.0,11*,106.0,0.0,0,84.08,0.0,9,240.0,133.0,177.77,723.47,402.47999999999996,0.0,0.0,0.0,0.0,0.0,0.0,0.0,4.0,5.0,2.0,22.0,13.0,0.0,2.0,9.0,24.0,243.0,206.0,12.0,6.57,9.81,9.79
SNThakur,IND,CSK,20.0,13.0,32.0,4.0,4.0,6.0,59.0,7.0,41.0,22*,7.0,0.0,29.5,0.0,0.0,31,9.0,33.0,190.32,116.66,557.14,0.0,0.0,0.0,0.0,0.0,0.0,1.0,3.0,1.0,3.0,1.0,4.0,4.0,0.0,1.0,74.0,-4.0,53.0,18.5,-1.0,8.83,9.67
KRabada,INT,DC,13.0,6.0,29.0,5.0,3.0,12.0,32.0,55.0,70.0,22,44.0,0.0,8,18.33,0.0,33,64.0,64.0,96.96,85.93,207.61,0.0,0.0,0.0,0.0,0.0,0.0,2.0,1.0,2.0,3.0,5.0,4.0,2.0,1.0,3.0,35.0,60.0,76.0,7.0,20.0,6.33,9.4
DLChahar,IND,CSK,13.0,3.0,43.0,4.0,1.0,9.0,1.0,14.0,64.0,1*,14.0,0.0,0,14.0,0.0,1,6.0,50.0,100.0,233.33,308.51,0.0,0.0,0.0,0.0,0.0,0.0,0.0,0.0,3.0,0.0,0.0,2.0,0.0,2.0,4.0,1.0,24.0,70.0,0.25,24.0,7.78,8.93
DTChristian,INT,RCB,1.0,36.0,4.0,1.0,31.0,3.0,9.0,420.0,26.0,9,90.0,0.0,9,65.07,0.0,13,341.0,33.0,69.23,443.59000000000003,78.78,0.0,0.0,0.0,0.0,0.0,0.0,0.0,1.0,0.0,0.0,22.0,0.0,0.0,18.0,1.0,7.0,474.0,22.0,7.0,15.29,7.33,8.9
AJTye,INT,RR,25.0,6.0,21.0,9.0,3.0,10.0,57.0,53.0,38.0,20,25.0,0.0,11.4,26.5,0.0,51,30.0,46.0,111.76,176.66,184.20999999999998,0.0,0.0,0.0,0.0,0.0,0.0,2.0,0.0,2.0,3.0,4.0,2.0,3.0,3.0,2.0,62.0,69.0,34.0,6.89,23.0,3.4,8.56
KCCariappa,IND,RR,0.0,9.0,1.0,0.0,4.0,1.0,0.0,15.0,9.0,0,13.0,0.0,0,14.0,0.0,0,18.0,3.0,0.0,146.75,300.0,0.0,0.0,0.0,0.0,0.0,0.0,0.0,0.0,0.0,0.0,0.0,0.0,0.0,1.0,1.0,0.0,11.0,11.0,0.0,2.75,11.0,8.52
PrabhsimranSingh,IND,KXIP,0.0,0.0,2.0,0.0,0.0,2.0,0.0,0.0,15.0,0,0.0,0.0,0,0.0,0.0,0,0.0,15.0,0.0,0.0,100.0,0.0,0.0,0.0,0.0,0.0,0.0,0.0,0.0,0.0,0.0,0.0,2.0,0.0,0.0,0.0,0.0,0.0,17.0,0.0,0.0,8.5,8.5
SGopal,IND,RR,0.0,6.0,39.0,0.0,3.0,16.0,0.0,14.0,150.0,0,14.0,0.0,0,13.0,0.0,0,27.0,130.0,0.0,222.5,342.93,0.0,0.0,0.0,0.0,0.0,0.0,0.0,0.0,3.0,0.0,1.0,16.0,0.0,0.0,1.0,0.0,9.0,164.0,0.0,3.0,10.25,8.07
KuldeepYadav,IND,KKR,21.0,12.0,30.0,2.0,2.0,9.0,20.0,20.0,37.0,16,16.0,0.0,20,10.0,0.0,20,22.0,53.0,100.0,90.9,261.9,0.0,0.0,0.0,0.0,0.0,0.0,0.0,0.0,2.0,2.0,2.0,3.0,0.0,0.0,0.0,22.0,22.0,36.0,11.0,11.0,4.0,7.57
WashingtonSundar,IND,RCB,29.0,11.0,25.0,10.0,5.0,17.0,43.0,9.0,177.0,14*,5.0,0.0,7.16,9.0,0.0,30,12.0,136.0,143.33,75.0,321.22,0.0,0.0,0.0,0.0,0.0,0.0,3.0,1.0,1.0,3.0,0.0,15.0,3.0,0.0,6.0,48.0,7.0,202.0,4.8,1.4,11.88,7.56
HarbhajanSingh,IND,KKR,0.0,136.0,24.0,0.0,84.0,4.0,0.0,799.0,30.0,0,311.0,0.0,0,178.37999999999997,0.0,0,561.0,39.0,0.0,1410.31,113.88,0.0,0.0,0.0,0.0,1.0,0.0,0.0,13.0,0.0,0.0,76.0,3.0,0.0,41.0,1.0,0.0,963.0,23.0,0.0,11.46,5.75,7.46
PPChawla,IND,MI,0.0,129.0,35.0,0.0,69.0,12.0,0.0,515.0,69.0,0,165.0,0.0,0,115.84,0.0,0,453.0,71.0,0.0,1077.1899999999998,192.92000000000002,0.0,0.0,0.0,0.0,0.0,0.0,0.0,11.0,1.0,0.0,49.0,5.0,0.0,15.0,3.0,0.0,574.0,72.0,0.0,8.32,6.0,6.7
NASaini,IND,RCB,10.0,0.0,26.0,2.0,0.0,5.0,11.0,0.0,29.0,11*,0.0,0.0,0,0.0,0.0,10,0.0,31.0,110.0,0.0,150.0,0.0,0.0,0.0,0.0,0.0,0.0,0.0,0.0,0.0,2.0,0.0,3.0,0.0,0.0,0.0,13.0,0.0,32.0,6.5,0.0,6.4,6.43
CAPujara,IND,CSK,0.0,30.0,0.0,0.0,22.0,0.0,0.0,390.0,0.0,0,172.0,0.0,0,95.49,0.0,0,391.0,0.0,0.0,486.74,0.0,0.0,0.0,0.0,0.0,1.0,0.0,0.0,1.0,0.0,0.0,50.0,0.0,0.0,4.0,0.0,0.0,454.0,-6.0,0.0,20.64,0.0,6.19
RashidKhan,INT,SRH,1.0,14.0,48.0,0.0,3.0,22.0,0.0,11.0,128.0,0,6.0,0.0,0,5.5,0.0,0,9.0,84.0,0.0,122.22,454.79999999999995,0.0,0.0,0.0,0.0,0.0,0.0,0.0,0.0,6.0,0.0,0.0,8.0,0.0,1.0,10.0,-6.0,13.0,152.0,0.0,4.33,6.91,6.14
MRMarsh,INT,SRH,13.0,20.0,1.0,13.0,14.0,1.0,222.0,225.0,0.0,45,97.0,0.0,20.18,66.0,0.0,205,196.0,1.0,108.29,391.07,0.0,0.0,0.0,0.0,0.0,0.0,0.0,1.0,0.0,1.0,12.0,9.0,0.0,9.0,14.0,0.0,250.0,262.0,-8.0,19.23,18.71,-8.0,5.78
CRWoakes,INT,DC,0.0,13.0,5.0,0.0,7.0,4.0,0.0,46.0,17.0,0,18.0,0.0,0,11.5,0.0,0,47.0,19.0,0.0,97.87,89.47,0.0,0.0,0.0,0.0,0.0,0.0,0.0,0.0,0.0,0.0,4.0,1.0,0.0,1.0,1.0,0.0,52.0,14.0,0.0,7.43,3.5,4.68
CJJordan,INT,KXIP,46.0,10.0,9.0,24.0,2.0,5.0,151.0,3.0,29.0,36,3.0,0.0,13.72,3.0,0.0,115,5.0,31.0,131.3,75.0,93.54,0.0,0.0,0.0,0.0,0.0,0.0,2.0,1.0,0.0,10.0,0.0,2.0,7.0,0.0,0.0,173.0,-5.0,31.0,7.21,-2.5,6.2,4.68
SachinBaby,IND,RCB,0.0,18.0,0.0,0.0,10.0,0.0,0.0,137.0,0.0,0,48.0,0.0,0,37.75,0.0,0,101.0,0.0,0.0,293.48,0.0,0.0,0.0,0.0,0.0,0.0,0.0,0.0,1.0,0.0,0.0,11.0,0.0,0.0,5.0,0.0,0.0,154.0,-6.0,0.0,15.4,0.0,4.62
SPJackson,IND,KKR,0.0,4.0,0.0,0.0,3.0,0.0,0.0,38.0,0.0,0,16.0,0.0,0,19.0,0.0,0,31.0,0.0,0.0,122.58,0.0,0.0,0.0,0.0,0.0,0.0,0.0,0.0,0.0,0.0,0.0,5.0,0.0,0.0,0.0,0.0,0.0,43.0,-6.0,0.0,14.33,0.0,4.3
APTare,IND,MI,0.0,35.0,0.0,0.0,28.0,0.0,0.0,339.0,0.0,0,139.0,0.0,0,69.85,0.0,0,273.0,0.0,0.0,627.81,0.0,0.0,0.0,0.0,0.0,1.0,0.0,0.0,5.0,0.0,0.0,40.0,0.0,0.0,11.0,0.0,0.0,399.0,-6.0,0.0,14.25,0.0,4.27
MohammedSiraj,IND,RCB,3.0,0.0,29.0,0.0,0.0,11.0,0.0,0.0,46.0,0,0.0,0.0,0,0.0,0.0,0,0.0,50.0,0.0,0.0,263.62,0.0,0.0,0.0,0.0,0.0,0.0,0.0,0.0,0.0,0.0,0.0,4.0,0.0,0.0,1.0,-6.0,0.0,46.0,0.0,0.0,4.18,4.18
DSKulkarni,IND,MI,2.0,65.0,19.0,1.0,18.0,4.0,1.0,90.0,14.0,1*,63.0,0.0,0,23.0,0.0,1,96.0,12.0,100.0,710.5500000000001,402.37,0.0,0.0,0.0,0.0,0.0,0.0,0.0,0.0,0.0,0.0,6.0,1.0,0.0,2.0,0.0,1.0,96.0,21.0,1.0,5.33,5.25,3.99
KLNagarkoti,IND,KKR,0.0,0.0,10.0,0.0,0.0,6.0,0.0,0.0,22.0,0,0.0,0.0,0,0.0,0.0,0,0.0,31.0,0.0,0.0,70.96,0.0,0.0,0.0,0.0,0.0,0.0,0.0,0.0,1.0,0.0,0.0,1.0,0.0,0.0,0.0,0.0,0.0,21.0,0.0,0.0,3.5,3.5
RDChahar,IND,MI,1.0,3.0,28.0,0.0,1.0,5.0,0.0,3.0,14.0,0,3.0,0.0,0,0.0,0.0,0,2.0,15.0,0.0,150.0,159.09,0.0,0.0,0.0,0.0,0.0,0.0,0.0,0.0,1.0,0.0,0.0,2.0,0.0,0.0,0.0,-6.0,5.0,14.0,0.0,5.0,2.8,3.46
ISharma,IND,DC,0.0,69.0,14.0,0.0,22.0,3.0,0.0,45.0,10.0,0,25.0,0.0,0,29.0,0.0,0,58.0,3.0,0.0,405.02000000000004,333.33,0.0,0.0,0.0,0.0,0.0,0.0,0.0,1.0,0.0,0.0,3.0,1.0,0.0,1.0,1.0,0.0,28.0,13.0,0.0,1.27,4.33,3.42
ShivamMavi,IND,KKR,0.0,0.0,17.0,0.0,0.0,7.0,0.0,0.0,23.0,0,0.0,0.0,0,0.0,0.0,0,0.0,29.0,0.0,0.0,158.07999999999998,0.0,0.0,0.0,0.0,0.0,0.0,0.0,0.0,2.0,0.0,0.0,2.0,0.0,0.0,0.0,0.0,0.0,21.0,0.0,0.0,3.0,3.0
PDubey,IND,DC,0.0,0.0,3.0,0.0,0.0,1.0,0.0,0.0,7.0,0,0.0,0.0,0,0.0,0.0,0,0.0,13.0,0.0,0.0,53.84,0.0,0.0,0.0,0.0,0.0,0.0,0.0,0.0,0.0,0.0,0.0,0.0,0.0,0.0,0.0,0.0,0.0,3.0,0.0,0.0,3.0,3.0
MMarkande,IND,RR,1.0,0.0,17.0,0.0,0.0,8.0,0.0,0.0,27.0,0,0.0,0.0,0,0.0,0.0,0,0.0,29.0,0.0,0.0,207.5,0.0,0.0,0.0,0.0,0.0,0.0,0.0,0.0,0.0,0.0,0.0,3.0,0.0,0.0,0.0,-6.0,0.0,24.0,0.0,0.0,3.0,3.0
SNadeem,IND,SRH,0.0,55.0,13.0,0.0,18.0,3.0,0.0,26.0,13.0,0,14.0,0.0,0,8.96,0.0,0,70.0,16.0,0.0,159.48,162.5,0.0,0.0,0.0,0.0,0.0,0.0,0.0,5.0,0.0,0.0,1.0,1.0,0.0,0.0,0.0,0.0,-23.0,14.0,0.0,-1.28,4.67,2.88
JDUnadkat,IND,RR,10.0,34.0,33.0,0.0,6.0,12.0,0.0,5.0,59.0,0,4.0,0.0,0,1.0,0.0,0,13.0,54.0,0.0,156.66,231.5,0.0,0.0,0.0,0.0,0.0,0.0,0.0,1.0,1.0,0.0,0.0,6.0,0.0,0.0,1.0,-6.0,-9.0,57.0,0.0,-1.5,4.75,2.88
CVVarun,IND,KKR,0.0,0.0,13.0,0.0,0.0,3.0,0.0,0.0,10.0,0,0.0,0.0,0,0.0,0.0,0,0.0,15.0,0.0,0.0,66.66,0.0,0.0,0.0,0.0,0.0,0.0,0.0,0.0,0.0,0.0,0.0,0.0,0.0,0.0,0.0,0.0,0.0,8.0,0.0,0.0,2.67,2.67
KWRichardson,INT,RCB,23.0,14.0,0.0,4.0,4.0,0.0,7.0,36.0,0.0,5,28.0,0.0,3.5,18.0,0.0,8,39.0,0.0,87.5,244.44,0.0,0.0,0.0,0.0,0.0,0.0,0.0,1.0,0.0,0.0,0.0,2.0,0.0,0.0,1.0,0.0,5.0,40.0,-6.0,1.25,10.0,0.0,2.48
RBishnoi,IND,KXIP,0.0,3.0,0.0,0.0,3.0,0.0,0.0,19.0,0.0,0,18.0,0.0,0,6.33,0.0,0,17.0,0.0,0.0,111.76,0.0,0.0,0.0,0.0,0.0,0.0,0.0,0.0,1.0,0.0,0.0,1.0,0.0,0.0,2.0,0.0,0.0,22.0,-6.0,0.0,7.33,0.0,2.2
VishnuVinod,IND,DC,0.0,3.0,0.0,0.0,3.0,0.0,0.0,19.0,0.0,0,9.0,0.0,0,6.33,0.0,0,26.0,0.0,0.0,73.07,0.0,0.0,0.0,0.0,0.0,0.0,0.0,0.0,0.0,0.0,0.0,1.0,0.0,0.0,1.0,0.0,0.0,22.0,-6.0,0.0,7.33,0.0,2.2
JJBumrah,IND,MI,38.0,45.0,45.0,4.0,7.0,6.0,8.0,25.0,15.0,7,23.0,0.0,8,24.0,0.0,11,26.0,15.0,72.72,239.38,257.56,0.0,0.0,0.0,0.0,0.0,0.0,0.0,1.0,1.0,1.0,1.0,1.0,0.0,1.0,0.0,9.0,16.0,12.0,2.25,2.29,2.0,2.13
BKumar,IND,SRH,32.0,90.0,31.0,5.0,34.0,10.0,8.0,158.0,25.0,3*,73.0,0.0,4,49.91,0.0,14,157.0,37.0,57.14,727.48,144.4,0.0,0.0,0.0,0.0,0.0,0.0,0.0,3.0,2.0,0.0,15.0,2.0,0.0,3.0,0.0,4.0,177.0,15.0,0.8,5.21,1.5,2.07
UTYadav,IND,DC,6.0,94.0,27.0,1.0,25.0,13.0,2.0,94.0,28.0,2,54.0,0.0,2,80.0,0.0,4,90.0,38.0,50.0,737.63,127.27,0.0,0.0,0.0,0.0,0.0,0.0,0.0,3.0,3.0,0.0,8.0,3.0,0.0,3.0,1.0,2.0,102.0,15.0,2.0,4.08,1.15,2.02
ImranTahir,INT,CSK,15.0,32.0,26.0,2.0,6.0,3.0,2.0,18.0,15.0,1*,12.0,0.0,2,14.0,0.0,7,25.0,12.0,28.57,234.75,230.0,0.0,0.0,0.0,0.0,0.0,0.0,0.0,0.0,0.0,0.0,3.0,2.0,0.0,0.0,0.0,-4.0,15.0,11.0,-2.0,2.5,3.67,1.72
MohammedShami,IND,KXIP,8.0,31.0,32.0,0.0,13.0,6.0,0.0,46.0,10.0,0,29.0,0.0,0,15.5,0.0,0,45.0,11.0,0.0,292.85,233.32,0.0,0.0,0.0,0.0,0.0,0.0,0.0,1.0,2.0,0.0,4.0,1.0,0.0,2.0,0.0,-6.0,48.0,5.0,0.0,3.69,0.83,1.69
AZampa,INT,RCB,39.0,11.0,3.0,6.0,2.0,0.0,31.0,5.0,0.0,13*,5.0,0.0,15.5,5.0,0.0,29,8.0,0.0,106.89,71.42,0.0,0.0,0.0,0.0,0.0,0.0,0.0,0.0,1.0,0.0,4.0,1.0,0.0,0.0,0.0,0.0,35.0,-2.0,-6.0,5.83,-1.0,0.0,1.54
TABoult,INT,MI,23.0,6.0,34.0,6.0,1.0,5.0,16.0,5.0,7.0,8,5.0,0.0,16,0.0,0.0,16,8.0,7.0,100.0,62.5,175.0,0.0,0.0,0.0,0.0,0.0,0.0,0.0,0.0,2.0,2.0,0.0,0.0,0.0,0.0,1.0,18.0,3.0,-1.0,3.0,3.0,-0.2,1.43
BasilThampi,IND,SRH,0.0,12.0,8.0,0.0,5.0,3.0,0.0,28.0,4.0,0,13.0,0.0,0,0.0,0.0,0,28.0,7.0,0.0,100.0,150.0,0.0,0.0,0.0,0.0,0.0,0.0,0.0,0.0,0.0,0.0,1.0,0.0,0.0,1.0,0.0,0.0,31.0,-2.0,0.0,6.2,-0.67,1.39
SandeepSharma,IND,SRH,0.0,56.0,36.0,0.0,13.0,10.0,0.0,26.0,18.0,0,19.0,0.0,0,9.0,0.0,0,35.0,22.0,0.0,309.82,280.0,0.0,0.0,0.0,0.0,0.0,0.0,0.0,0.0,3.0,0.0,1.0,2.0,0.0,0.0,0.0,0.0,13.0,14.0,0.0,1.0,1.4,1.28
TNatarajan,IND,SRH,3.0,0.0,16.0,0.0,0.0,3.0,0.0,0.0,3.0,0,0.0,0.0,0,0.0,0.0,0,0.0,5.0,0.0,0.0,60.0,0.0,0.0,0.0,0.0,0.0,0.0,0.0,0.0,0.0,0.0,0.0,0.0,0.0,0.0,0.0,-6.0,0.0,3.0,0.0,0.0,1.0,1.0
ShahbazAhmed,IND,RCB,0.0,0.0,2.0,0.0,0.0,1.0,0.0,0.0,1.0,0,0.0,0.0,0,0.0,0.0,0,0.0,1.0,0.0,0.0,100.0,0.0,0.0,0.0,0.0,0.0,0.0,0.0,0.0,0.0,0.0,0.0,0.0,0.0,0.0,0.0,0.0,0.0,1.0,0.0,0.0,1.0,1.0
AveshKhan,IND,DC,0.0,0.0,2.0,0.0,0.0,1.0,0.0,0.0,4.0,0,0.0,0.0,0,0.0,0.0,0,0.0,3.0,0.0,0.0,133.33,0.0,0.0,0.0,0.0,0.0,0.0,0.0,0.0,0.0,0.0,0.0,1.0,0.0,0.0,0.0,0.0,0.0,1.0,0.0,0.0,1.0,1.0
JYadav,IND,MI,0.0,5.0,2.0,0.0,2.0,0.0,0.0,6.0,0.0,0,5.0,0.0,0,3.0,0.0,0,10.0,0.0,0.0,60.0,0.0,0.0,0.0,0.0,0.0,0.0,0.0,0.0,0.0,0.0,0.0,0.0,0.0,0.0,0.0,0.0,0.0,6.0,-6.0,0.0,3.0,0.0,0.9
AMishra,IND,DC,3.0,126.0,24.0,1.0,51.0,5.0,0.0,340.0,22.0,0,143.0,0.0,0,126.89999999999999,0.0,0,363.0,26.0,0.0,852.6300000000001,137.5,0.0,0.0,0.0,0.0,0.0,0.0,1.0,10.0,0.0,0.0,27.0,2.0,0.0,5.0,0.0,-8.0,347.0,18.0,-8.0,6.8,3.6,0.79
MujeebUrRahman,INT,SRH,19.0,0.0,18.0,3.0,0.0,6.0,8.0,0.0,11.0,8*,0.0,0.0,0,0.0,0.0,8,0.0,14.0,100.0,0.0,176.18,0.0,0.0,0.0,0.0,0.0,0.0,0.0,0.0,2.0,1.0,0.0,2.0,0.0,0.0,0.0,9.0,0.0,-1.0,3.0,0.0,-0.17,0.78
VRVSingh,IND,SRH,0.0,13.0,0.0,0.0,2.0,0.0,0.0,4.0,0.0,0,4.0,0.0,0,2.0,0.0,0,3.0,0.0,0.0,133.33,0.0,0.0,0.0,0.0,0.0,0.0,0.0,0.0,1.0,0.0,0.0,1.0,0.0,0.0,0.0,0.0,0.0,5.0,-6.0,0.0,2.5,0.0,0.75
KartikTyagi,IND,RR,0.0,0.0,10.0,0.0,0.0,3.0,0.0,0.0,4.0,0,0.0,0.0,0,0.0,0.0,0,0.0,6.0,0.0,0.0,66.66,0.0,0.0,0.0,0.0,0.0,0.0,0.0,0.0,0.0,0.0,0.0,0.0,0.0,0.0,0.0,0.0,0.0,2.0,0.0,0.0,0.67,0.67
AFMilne,INT,MI,6.0,4.0,0.0,2.0,3.0,0.0,2.0,7.0,0.0,2*,5.0,0.0,0,3.5,0.0,2,12.0,0.0,100.0,58.33,0.0,0.0,0.0,0.0,0.0,0.0,0.0,0.0,0.0,0.0,0.0,0.0,0.0,0.0,0.0,0.0,2.0,3.0,-6.0,1.0,1.0,0.0,0.51
AnujRawat,IND,RR,0.0,0.0,0.0,0.0,0.0,0.0,0.0,0.0,0.0,0,0.0,0.0,0,0.0,0.0,0,0.0,0.0,0.0,0.0,0.0,0.0,0.0,0.0,0.0,0.0,0.0,0.0,0.0,0.0,0.0,0.0,0.0,0.0,0.0,0.0,0.0,0.0,-6.0,0.0,0.0,0.0,0.0
JasonHolder,INT,SRH,0.0,0.0,0.0,0.0,0.0,0.0,0.0,0.0,0.0,0,0.0,0.0,0,0.0,0.0,0,0.0,0.0,0.0,0.0,0.0,0.0,0.0,0.0,0.0,0.0,0.0,0.0,0.0,0.0,0.0,0.0,0.0,0.0,0.0,0.0,0.0,0.0,-6.0,0.0,0.0,0.0,0.0
MohammedAzharuddeen,IND,RCB,0.0,0.0,0.0,0.0,0.0,0.0,0.0,0.0,0.0,0,0.0,0.0,0,0.0,0.0,0,0.0,0.0,0.0,0.0,0.0,0.0,0.0,0.0,0.0,0.0,0.0,0.0,0.0,0.0,0.0,0.0,0.0,0.0,0.0,0.0,0.0,0.0,-6.0,0.0,0.0,0.0,0.0
KyleJamieson,INT,RCB,0.0,0.0,0.0,0.0,0.0,0.0,0.0,0.0,0.0,0,0.0,0.0,0,0.0,0.0,0,0.0,0.0,0.0,0.0,0.0,0.0,0.0,0.0,0.0,0.0,0.0,0.0,0.0,0.0,0.0,0.0,0.0,0.0,0.0,0.0,0.0,0.0,-6.0,0.0,0.0,0.0,0.0
SuyashPrabhudessai,IND,RCB,0.0,0.0,0.0,0.0,0.0,0.0,0.0,0.0,0.0,0,0.0,0.0,0,0.0,0.0,0,0.0,0.0,0.0,0.0,0.0,0.0,0.0,0.0,0.0,0.0,0.0,0.0,0.0,0.0,0.0,0.0,0.0,0.0,0.0,0.0,0.0,0.0,-6.0,0.0,0.0,0.0,0.0
K.SBharat,IND,RCB,0.0,0.0,0.0,0.0,0.0,0.0,0.0,0.0,0.0,0,0.0,0.0,0,0.0,0.0,0,0.0,0.0,0.0,0.0,0.0,0.0,0.0,0.0,0.0,0.0,0.0,0.0,0.0,0.0,0.0,0.0,0.0,0.0,0.0,0.0,0.0,0.0,-6.0,0.0,0.0,0.0,0.0
FinnAllen,INT,RCB,0.0,0.0,0.0,0.0,0.0,0.0,0.0,0.0,0.0,0,0.0,0.0,0,0.0,0.0,0,0.0,0.0,0.0,0.0,0.0,0.0,0.0,0.0,0.0,0.0,0.0,0.0,0.0,0.0,0.0,0.0,0.0,0.0,0.0,0.0,0.0,0.0,-6.0,0.0,0.0,0.0,0.0
MohsinKhan,IND,MI,3.0,0.0,0.0,0.0,0.0,0.0,0.0,0.0,0.0,0,0.0,0.0,0,0.0,0.0,0,0.0,0.0,0.0,0.0,0.0,0.0,0.0,0.0,0.0,0.0,0.0,0.0,0.0,0.0,0.0,0.0,0.0,0.0,0.0,0.0,-6.0,0.0,-6.0,0.0,0.0,0.0,0.0
AnmolpreetSingh,IND,MI,0.0,0.0,0.0,0.0,0.0,0.0,0.0,0.0,0.0,0,0.0,0.0,0,0.0,0.0,0,0.0,0.0,0.0,0.0,0.0,0.0,0.0,0.0,0.0,0.0,0.0,0.0,0.0,0.0,0.0,0.0,0.0,0.0,0.0,0.0,0.0,0.0,-6.0,0.0,0.0,0.0,0.0
AnukulRoy,IND,MI,0.0,0.0,0.0,0.0,0.0,0.0,0.0,0.0,0.0,0,0.0,0.0,0,0.0,0.0,0,0.0,0.0,0.0,0.0,0.0,0.0,0.0,0.0,0.0,0.0,0.0,0.0,0.0,0.0,0.0,0.0,0.0,0.0,0.0,0.0,0.0,0.0,-6.0,0.0,0.0,0.0,0.0
MSiddharth,IND,DC,0.0,0.0,0.0,0.0,0.0,0.0,0.0,0.0,0.0,0,0.0,0.0,0,0.0,0.0,0,0.0,0.0,0.0,0.0,0.0,0.0,0.0,0.0,0.0,0.0,0.0,0.0,0.0,0.0,0.0,0.0,0.0,0.0,0.0,0.0,0.0,0.0,-6.0,0.0,0.0,0.0,0.0
LukmanMeriwala,IND,DC,0.0,0.0,0.0,0.0,0.0,0.0,0.0,0.0,0.0,0,0.0,0.0,0,0.0,0.0,0,0.0,0.0,0.0,0.0,0.0,0.0,0.0,0.0,0.0,0.0,0.0,0.0,0.0,0.0,0.0,0.0,0.0,0.0,0.0,0.0,0.0,0.0,-6.0,0.0,0.0,0.0,0.0
JonnyBairstow,INT,SRH,0.0,0.0,0.0,0.0,0.0,0.0,0.0,0.0,0.0,0,0.0,0.0,0,0.0,0.0,0,0.0,0.0,0.0,0.0,0.0,0.0,0.0,0.0,0.0,0.0,0.0,0.0,0.0,0.0,0.0,0.0,0.0,0.0,0.0,0.0,0.0,0.0,-6.0,0.0,0.0,0.0,0.0
MarcoJansen,INT,MI,0.0,0.0,0.0,0.0,0.0,0.0,0.0,0.0,0.0,0,0.0,0.0,0,0.0,0.0,0,0.0,0.0,0.0,0.0,0.0,0.0,0.0,0.0,0.0,0.0,0.0,0.0,0.0,0.0,0.0,0.0,0.0,0.0,0.0,0.0,0.0,0.0,-6.0,0.0,0.0,0.0,0.0
RipalPatel,IND,DC,0.0,0.0,0.0,0.0,0.0,0.0,0.0,0.0,0.0,0,0.0,0.0,0,0.0,0.0,0,0.0,0.0,0.0,0.0,0.0,0.0,0.0,0.0,0.0,0.0,0.0,0.0,0.0,0.0,0.0,0.0,0.0,0.0,0.0,0.0,0.0,0.0,-6.0,0.0,0.0,0.0,0.0
LalithYadav,IND,DC,0.0,0.0,0.0,0.0,0.0,0.0,0.0,0.0,0.0,0,0.0,0.0,0,0.0,0.0,0,0.0,0.0,0.0,0.0,0.0,0.0,0.0,0.0,0.0,0.0,0.0,0.0,0.0,0.0,0.0,0.0,0.0,0.0,0.0,0.0,0.0,0.0,-6.0,0.0,0.0,0.0,0.0
BhagathVarma,IND,CSK,0.0,0.0,0.0,0.0,0.0,0.0,0.0,0.0,0.0,0,0.0,0.0,0,0.0,0.0,0,0.0,0.0,0.0,0.0,0.0,0.0,0.0,0.0,0.0,0.0,0.0,0.0,0.0,0.0,0.0,0.0,0.0,0.0,0.0,0.0,0.0,0.0,-6.0,0.0,0.0,0.0,0.0
PriyamGarg,IND,SRH,0.0,0.0,0.0,0.0,0.0,0.0,0.0,0.0,0.0,0,0.0,0.0,0,0.0,0.0,0,0.0,0.0,0.0,0.0,0.0,0.0,0.0,0.0,0.0,0.0,0.0,0.0,0.0,0.0,0.0,0.0,0.0,0.0,0.0,0.0,0.0,0.0,-6.0,0.0,0.0,0.0,0.0
CHariNishaanth,IND,CSK,0.0,0.0,0.0,0.0,0.0,0.0,0.0,0.0,0.0,0,0.0,0.0,0,0.0,0.0,0,0.0,0.0,0.0,0.0,0.0,0.0,0.0,0.0,0.0,0.0,0.0,0.0,0.0,0.0,0.0,0.0,0.0,0.0,0.0,0.0,0.0,0.0,-6.0,0.0,0.0,0.0,0.0
HarishankarReddy,IND,CSK,0.0,0.0,0.0,0.0,0.0,0.0,0.0,0.0,0.0,0,0.0,0.0,0,0.0,0.0,0,0.0,0.0,0.0,0.0,0.0,0.0,0.0,0.0,0.0,0.0,0.0,0.0,0.0,0.0,0.0,0.0,0.0,0.0,0.0,0.0,0.0,0.0,-6.0,0.0,0.0,0.0,0.0
KrishnappaGowtham,IND,CSK,0.0,0.0,0.0,0.0,0.0,0.0,0.0,0.0,0.0,0,0.0,0.0,0,0.0,0.0,0,0.0,0.0,0.0,0.0,0.0,0.0,0.0,0.0,0.0,0.0,0.0,0.0,0.0,0.0,0.0,0.0,0.0,0.0,0.0,0.0,0.0,0.0,-6.0,0.0,0.0,0.0,0.0
RSaiKishore,IND,CSK,0.0,0.0,0.0,0.0,0.0,0.0,0.0,0.0,0.0,0,0.0,0.0,0,0.0,0.0,0,0.0,0.0,0.0,0.0,0.0,0.0,0.0,0.0,0.0,0.0,0.0,0.0,0.0,0.0,0.0,0.0,0.0,0.0,0.0,0.0,0.0,0.0,-6.0,0.0,0.0,0.0,0.0
KhaleelAhmed,IND,SRH,0.0,0.0,0.0,0.0,0.0,0.0,0.0,0.0,0.0,0,0.0,0.0,0,0.0,0.0,0,0.0,0.0,0.0,0.0,0.0,0.0,0.0,0.0,0.0,0.0,0.0,0.0,0.0,0.0,0.0,0.0,0.0,0.0,0.0,0.0,0.0,0.0,-6.0,0.0,0.0,0.0,0.0
JRHazlewood,INT,CSK,4.0,0.0,3.0,0.0,0.0,0.0,0.0,0.0,0.0,0,0.0,0.0,0,0.0,0.0,0,0.0,0.0,0.0,0.0,0.0,0.0,0.0,0.0,0.0,0.0,0.0,0.0,0.0,0.0,0.0,0.0,0.0,0.0,0.0,0.0,-6.0,0.0,-6.0,0.0,0.0,0.0,0.0
JagadeeshaSuchith,IND,SRH,0.0,0.0,0.0,0.0,0.0,0.0,0.0,0.0,0.0,0,0.0,0.0,0,0.0,0.0,0,0.0,0.0,0.0,0.0,0.0,0.0,0.0,0.0,0.0,0.0,0.0,0.0,0.0,0.0,0.0,0.0,0.0,0.0,0.0,0.0,0.0,0.0,-6.0,0.0,0.0,0.0,0.0
KMAsif,IND,CSK,0.0,0.0,0.0,0.0,0.0,0.0,0.0,0.0,0.0,0,0.0,0.0,0,0.0,0.0,0,0.0,0.0,0.0,0.0,0.0,0.0,0.0,0.0,0.0,0.0,0.0,0.0,0.0,0.0,0.0,0.0,0.0,0.0,0.0,0.0,0.0,0.0,-6.0,0.0,0.0,0.0,0.0
YudhvirCharak,IND,MI,0.0,0.0,0.0,0.0,0.0,0.0,0.0,0.0,0.0,0,0.0,0.0,0,0.0,0.0,0,0.0,0.0,0.0,0.0,0.0,0.0,0.0,0.0,0.0,0.0,0.0,0.0,0.0,0.0,0.0,0.0,0.0,0.0,0.0,0.0,0.0,0.0,-6.0,0.0,0.0,0.0,0.0
RajatPatidar,IND,RCB,0.0,0.0,0.0,0.0,0.0,0.0,0.0,0.0,0.0,0,0.0,0.0,0,0.0,0.0,0,0.0,0.0,0.0,0.0,0.0,0.0,0.0,0.0,0.0,0.0,0.0,0.0,0.0,0.0,0.0,0.0,0.0,0.0,0.0,0.0,0.0,0.0,-6.0,0.0,0.0,0.0,0.0
ArjunTendulkar,IND,MI,0.0,0.0,0.0,0.0,0.0,0.0,0.0,0.0,0.0,0,0.0,0.0,0,0.0,0.0,0,0.0,0.0,0.0,0.0,0.0,0.0,0.0,0.0,0.0,0.0,0.0,0.0,0.0,0.0,0.0,0.0,0.0,0.0,0.0,0.0,0.0,0.0,-6.0,0.0,0.0,0.0,0.0
KuldipYadav,IND,RR,0.0,0.0,0.0,0.0,0.0,0.0,0.0,0.0,0.0,0,0.0,0.0,0,0.0,0.0,0,0.0,0.0,0.0,0.0,0.0,0.0,0.0,0.0,0.0,0.0,0.0,0.0,0.0,0.0,0.0,0.0,0.0,0.0,0.0,0.0,0.0,0.0,-6.0,0.0,0.0,0.0,0.0
PawanNegi,IND,KKR,0.0,0.0,0.0,0.0,0.0,0.0,0.0,0.0,0.0,0,0.0,0.0,0,0.0,0.0,0,0.0,0.0,0.0,0.0,0.0,0.0,0.0,0.0,0.0,0.0,0.0,0.0,0.0,0.0,0.0,0.0,0.0,0.0,0.0,0.0,0.0,0.0,-6.0,0.0,0.0,0.0,0.0
VenkateshIyer,IND,KKR,0.0,0.0,0.0,0.0,0.0,0.0,0.0,0.0,0.0,0,0.0,0.0,0,0.0,0.0,0,0.0,0.0,0.0,0.0,0.0,0.0,0.0,0.0,0.0,0.0,0.0,0.0,0.0,0.0,0.0,0.0,0.0,0.0,0.0,0.0,0.0,0.0,-6.0,0.0,0.0,0.0,0.0
VaibhavArora,IND,KKR,0.0,0.0,0.0,0.0,0.0,0.0,0.0,0.0,0.0,0,0.0,0.0,0,0.0,0.0,0,0.0,0.0,0.0,0.0,0.0,0.0,0.0,0.0,0.0,0.0,0.0,0.0,0.0,0.0,0.0,0.0,0.0,0.0,0.0,0.0,0.0,0.0,-6.0,0.0,0.0,0.0,0.0
TimSeifert,INT,KKR,0.0,0.0,0.0,0.0,0.0,0.0,0.0,0.0,0.0,0,0.0,0.0,0,0.0,0.0,0,0.0,0.0,0.0,0.0,0.0,0.0,0.0,0.0,0.0,0.0,0.0,0.0,0.0,0.0,0.0,0.0,0.0,0.0,0.0,0.0,0.0,0.0,-6.0,0.0,0.0,0.0,0.0
RinkuSingh,IND,KKR,0.0,0.0,0.0,0.0,0.0,0.0,0.0,0.0,0.0,0,0.0,0.0,0,0.0,0.0,0,0.0,0.0,0.0,0.0,0.0,0.0,0.0,0.0,0.0,0.0,0.0,0.0,0.0,0.0,0.0,0.0,0.0,0.0,0.0,0.0,0.0,0.0,-6.0,0.0,0.0,0.0,0.0
SSandeepWarrier,IND,KKR,0.0,0.0,1.0,0.0,0.0,0.0,0.0,0.0,0.0,0,0.0,0.0,0,0.0,0.0,0,0.0,0.0,0.0,0.0,0.0,0.0,0.0,0.0,0.0,0.0,0.0,0.0,0.0,0.0,0.0,0.0,0.0,0.0,0.0,0.0,0.0,0.0,-6.0,0.0,0.0,0.0,0.0
SaurabhKumar,IND,KXIP,0.0,0.0,0.0,0.0,0.0,0.0,0.0,0.0,0.0,0,0.0,0.0,0,0.0,0.0,0,0.0,0.0,0.0,0.0,0.0,0.0,0.0,0.0,0.0,0.0,0.0,0.0,0.0,0.0,0.0,0.0,0.0,0.0,0.0,0.0,0.0,0.0,-6.0,0.0,0.0,0.0,0.0
UtkarshSingh,IND,KXIP,0.0,0.0,0.0,0.0,0.0,0.0,0.0,0.0,0.0,0,0.0,0.0,0,0.0,0.0,0,0.0,0.0,0.0,0.0,0.0,0.0,0.0,0.0,0.0,0.0,0.0,0.0,0.0,0.0,0.0,0.0,0.0,0.0,0.0,0.0,0.0,0.0,-6.0,0.0,0.0,0.0,0.0
ChetanSakariya,IND,RR,0.0,0.0,0.0,0.0,0.0,0.0,0.0,0.0,0.0,0,0.0,0.0,0,0.0,0.0,0,0.0,0.0,0.0,0.0,0.0,0.0,0.0,0.0,0.0,0.0,0.0,0.0,0.0,0.0,0.0,0.0,0.0,0.0,0.0,0.0,0.0,0.0,-6.0,0.0,0.0,0.0,0.0
DanielSams,IND,RCB,0.0,0.0,0.0,0.0,0.0,0.0,0.0,0.0,0.0,0,0.0,0.0,0,0.0,0.0,0,0.0,0.0,0.0,0.0,0.0,0.0,0.0,0.0,0.0,0.0,0.0,0.0,0.0,0.0,0.0,0.0,0.0,0.0,0.0,0.0,0.0,0.0,-6.0,0.0,0.0,0.0,0.0
RileyMeredith,INT,KXIP,0.0,0.0,0.0,0.0,0.0,0.0,0.0,0.0,0.0,0,0.0,0.0,0,0.0,0.0,0,0.0,0.0,0.0,0.0,0.0,0.0,0.0,0.0,0.0,0.0,0.0,0.0,0.0,0.0,0.0,0.0,0.0,0.0,0.0,0.0,0.0,0.0,-6.0,0.0,0.0,0.0,0.0
JalajSaxena,IND,KXIP,0.0,0.0,0.0,0.0,0.0,0.0,0.0,0.0,0.0,0,0.0,0.0,0,0.0,0.0,0,0.0,0.0,0.0,0.0,0.0,0.0,0.0,0.0,0.0,0.0,0.0,0.0,0.0,0.0,0.0,0.0,0.0,0.0,0.0,0.0,0.0,0.0,-6.0,0.0,0.0,0.0,0.0
FabianAllen,INT,KXIP,0.0,0.0,0.0,0.0,0.0,0.0,0.0,0.0,0.0,0,0.0,0.0,0,0.0,0.0,0,0.0,0.0,0.0,0.0,0.0,0.0,0.0,0.0,0.0,0.0,0.0,0.0,0.0,0.0,0.0,0.0,0.0,0.0,0.0,0.0,0.0,0.0,-6.0,0.0,0.0,0.0,0.0
JhyeRichardson,INT,KXIP,0.0,0.0,0.0,0.0,0.0,0.0,0.0,0.0,0.0,0,0.0,0.0,0,0.0,0.0,0,0.0,0.0,0.0,0.0,0.0,0.0,0.0,0.0,0.0,0.0,0.0,0.0,0.0,0.0,0.0,0.0,0.0,0.0,0.0,0.0,0.0,0.0,-6.0,0.0,0.0,0.0,0.0
DawidMalan,INT,KXIP,0.0,0.0,0.0,0.0,0.0,0.0,0.0,0.0,0.0,0,0.0,0.0,0,0.0,0.0,0,0.0,0.0,0.0,0.0,0.0,0.0,0.0,0.0,0.0,0.0,0.0,0.0,0.0,0.0,0.0,0.0,0.0,0.0,0.0,0.0,0.0,0.0,-6.0,0.0,0.0,0.0,0.0
DevduttPadikkal,IND,RCB,0.0,0.0,0.0,0.0,0.0,0.0,0.0,0.0,0.0,0,0.0,0.0,0,0.0,0.0,0,0.0,0.0,0.0,0.0,0.0,0.0,0.0,0.0,0.0,0.0,0.0,0.0,0.0,0.0,0.0,0.0,0.0,0.0,0.0,0.0,0.0,0.0,-6.0,0.0,0.0,0.0,0.0
SarfarazKhan,IND,KXIP,0.0,0.0,0.0,0.0,0.0,0.0,0.0,0.0,0.0,0,0.0,0.0,0,0.0,0.0,0,0.0,0.0,0.0,0.0,0.0,0.0,0.0,0.0,0.0,0.0,0.0,0.0,0.0,0.0,0.0,0.0,0.0,0.0,0.0,0.0,0.0,0.0,-6.0,0.0,0.0,0.0,0.0
DarshanNalkande,IND,KXIP,0.0,0.0,0.0,0.0,0.0,0.0,0.0,0.0,0.0,0,0.0,0.0,0,0.0,0.0,0,0.0,0.0,0.0,0.0,0.0,0.0,0.0,0.0,0.0,0.0,0.0,0.0,0.0,0.0,0.0,0.0,0.0,0.0,0.0,0.0,0.0,0.0,-6.0,0.0,0.0,0.0,0.0
ShahrukhKhan,IND,KXIP,0.0,0.0,0.0,0.0,0.0,0.0,0.0,0.0,0.0,0,0.0,0.0,0,0.0,0.0,0,0.0,0.0,0.0,0.0,0.0,0.0,0.0,0.0,0.0,0.0,0.0,0.0,0.0,0.0,0.0,0.0,0.0,0.0,0.0,0.0,0.0,0.0,-6.0,0.0,0.0,0.0,0.0
PavanDeshpande,IND,RCB,0.0,0.0,0.0,0.0,0.0,0.0,0.0,0.0,0.0,0,0.0,0.0,0,0.0,0.0,0,0.0,0.0,0.0,0.0,0.0,0.0,0.0,0.0,0.0,0.0,0.0,0.0,0.0,0.0,0.0,0.0,0.0,0.0,0.0,0.0,0.0,0.0,-6.0,0.0,0.0,0.0,0.0
IshanPorel,IND,KXIP,0.0,0.0,0.0,0.0,0.0,0.0,0.0,0.0,0.0,0,0.0,0.0,0,0.0,0.0,0,0.0,0.0,0.0,0.0,0.0,0.0,0.0,0.0,0.0,0.0,0.0,0.0,0.0,0.0,0.0,0.0,0.0,0.0,0.0,0.0,0.0,0.0,-6.0,0.0,0.0,0.0,0.0
LNgidi,INT,CSK,16.0,0.0,4.0,4.0,0.0,0.0,7.0,0.0,0.0,4,0.0,0.0,2.33,0.0,0.0,15,0.0,0.0,46.66,0.0,0.0,0.0,0.0,0.0,0.0,0.0,0.0,1.0,0.0,0.0,0.0,0.0,0.0,0.0,0.0,0.0,-1.0,0.0,-6.0,-0.25,0.0,0.0,-0.08
ANortje,INT,DC,5.0,0.0,16.0,1.0,0.0,5.0,2.0,0.0,7.0,2,0.0,0.0,2,0.0,0.0,6,0.0,6.0,33.33,0.0,116.66,0.0,0.0,0.0,0.0,0.0,0.0,0.0,0.0,0.0,0.0,0.0,0.0,0.0,0.0,0.0,-4.0,0.0,7.0,-4.0,0.0,1.4,-0.22
YSChahal,IND,RCB,48.0,42.0,43.0,4.0,10.0,6.0,5.0,15.0,7.0,3*,6.0,0.0,2.5,4.33,0.0,11,28.0,23.0,45.45,250.0,70.83,0.0,0.0,0.0,0.0,0.0,0.0,0.0,1.0,0.0,0.0,0.0,0.0,0.0,0.0,0.0,-1.0,13.0,-11.0,-0.25,1.3,-1.83,-0.7
MAshwin,IND,KXIP,0.0,10.0,21.0,0.0,1.0,5.0,0.0,0.0,8.0,0,0.0,0.0,0,0.0,0.0,0,1.0,11.0,0.0,0.0,210.0,0.0,0.0,0.0,0.0,0.0,0.0,0.0,1.0,0.0,0.0,0.0,0.0,0.0,0.0,0.0,0.0,-8.0,8.0,0.0,-8.0,1.6,-1.28
ASingh,IND,RR,0.0,23.0,0.0,0.0,5.0,0.0,0.0,2.0,0.0,0,2.0,0.0,0,1.5,0.0,0,10.0,0.0,0.0,58.33,0.0,0.0,0.0,0.0,0.0,0.0,0.0,0.0,3.0,0.0,0.0,0.0,0.0,0.0,0.0,0.0,0.0,-22.0,-6.0,0.0,-4.4,0.0,-1.32
SKaul,IND,SRH,3.0,21.0,25.0,0.0,4.0,6.0,0.0,9.0,3.0,0,9.0,0.0,0,0.0,0.0,0,13.0,15.0,0.0,177.76999999999998,21.42,0.0,0.0,0.0,0.0,0.0,0.0,0.0,0.0,2.0,0.0,0.0,0.0,0.0,0.0,0.0,-6.0,3.0,-19.0,0.0,0.75,-3.17,-1.99
MPrasidhKrishna,IND,KKR,0.0,0.0,24.0,0.0,0.0,5.0,0.0,0.0,3.0,0,0.0,0.0,0,0.0,0.0,0,0.0,11.0,0.0,0.0,70.0,0.0,0.0,0.0,0.0,0.0,0.0,0.0,0.0,1.0,0.0,0.0,0.0,0.0,0.0,0.0,0.0,0.0,-11.0,0.0,0.0,-2.2,-2.2
MustafizurRahman,INT,RR,31.0,0.0,7.0,12.0,0.0,2.0,41.0,0.0,1.0,15,0.0,0.0,5.12,0.0,0.0,47,0.0,3.0,87.23,0.0,33.33,0.0,0.0,0.0,0.0,0.0,0.0,3.0,0.0,0.0,3.0,0.0,0.0,3.0,0.0,0.0,44.0,0.0,-11.0,3.67,0.0,-5.5,-2.75
KVSharma,IND,CSK,0.0,56.0,11.0,0.0,34.0,1.0,0.0,317.0,0.0,0,134.0,0.0,0,58.239999999999995,0.0,0,274.0,0.0,0.0,638.84,0.0,0.0,0.0,0.0,0.0,0.0,0.0,0.0,1.0,0.0,0.0,18.0,0.0,0.0,14.0,0.0,0.0,357.0,-12.0,0.0,10.5,-12.0,-5.25
ArshdeepSingh,IND,KXIP,0.0,0.0,8.0,0.0,0.0,1.0,0.0,0.0,0.0,0,0.0,0.0,0,0.0,0.0,0,0.0,3.0,0.0,0.0,0.0,0.0,0.0,0.0,0.0,0.0,0.0,0.0,0.0,1.0,0.0,0.0,0.0,0.0,0.0,0.0,0.0,0.0,-8.0,0.0,0.0,-8.0,-8.0
